评论时间,评论内容
2025-11-26,"Quest3 5126 [全新末拆封] 因为以前玩过quest2, 就自己激活了, 体验感很棒。是一次很不错购物体验 境问题 (买的末激活版; 自己激活会麻烦-些) 清晰度比我想象的要好, 系统和手机一样。操作很容易上手。近视的小伙伴建议搞一份镜片。不然夹着眼镜有点不太舒服,体验就 jd_138442jmh 01-27 Quest3S 2566 [定制代激活] 小二服务热情周到。有问必答。使用体验非常棒; 操作简单易懂。 产品质量更是没得说; 坚固耐用。物流服务超 强烈推荐! jd_62828f690412c1"
2025-11-26,"容量真的太够用了 存了几十款大型游戏还有大半空间。机身的散热做得特别好。连续玩三四个小时都不会发烫 戴着也不会觉得闷,长时间玩也很舒服"
2025-11-27,"Quest3 5126 [未拆封] +舒适头戴 30效果太惊艳了, 看电影像在电影院一样。玩体感游戏更是过瘾; 动作捕捉准确。没有延迟感 续航也不错 一次电能玩一下午。太满意了 ! 鲜活的生命力"
2025-11-26,"拆开包装是全新末拆封的, 配件都很齐全; 试玩了自带的游戏 画面流畅度满分, 转头的时候场景切换特别自然 jd_62828f690412c1"
2025-11-26,"Quest3 5126 [定制代激活] 容量真的太够用了, 存了几十款大型游戏还有大半空间。机身的散热做得特别好。连续玩三四个小时都不会发烫 戴着也不会觉得闷,长时间玩也很舒服 92x比脸美"
2025-11-27,"Quest3 5126 [未拆封] +舒适头戴 30效果太惊艳了, 续航也不错; 一次电能玩-下午 太满意了 ! 鲜活的生命力"
2025-11-26,"Quest3 5126 [未拆封] +舒适头戴 拆开包装是全新末拆封的, 配件都很齐全; 试玩了自带的游戏,画面流畅度满分,转头的时候场景切换特别自然"
2025-11-27,Quest3 5126 [全新未拆封] 开机速度快; 系统流畅。30画面逼真; 体感操控精准度高。玩射击类游戏超有代入感。头盔佩戴舒适; 长时间使 用也不会觉得累。满意! jd_3n8324jmgoig7m
2025-11-26,开枪 换弹的动作都很流畅。那种在虚拟场 景里战斗的感觉。比电脑端游刺激十倍
2025-11-27,Quest3 5126 [全新未拆封] 对比了好几款; 最终选了这款VR眼镜 体机。性能稳定; 运行流畅不卡顿 体感游戏互动性强
2025-11-26,开机速度特别快。不用等很久就能进入主界面。界面的布局很清晰。找游戏。调设置都很方便; jd_138372qfc
2025-11-27,Quest3 5126 [未拆封] +舒适头戴 智能体感功能太惊喜了 动作识别精准。玩健身类游戏既能娱乐又能锻炼。30画面立体感十足 头盔重量适中 佩戴舒适;性价比超高!
2025-11-27,"Quest3 5126 [未拆封] +近视镜片 头盔的贴合度很好 不会轻易滑落。透气性佳。长时间佩戴也不会闷, 30画面清晰流畅。体感反应灵敏。游戏体 验感满分 强烈推荐!"
2025-11-27,"Quest3 5126 [定制代激活] 纠结了好久选的这款; 果然没失望! 头盔佩戴轻盈舒适。长时间玩游戏脖子也没压力,智能体感反应灵敏。沉浸式 体验拉满。推荐给所有游戏党! jd_ZUOBWjTUmgpimF44"
2025-11-26,"机身的设计很贴合脸型 就算戴久了也不会压得脸颊疼, 镜片的透光率很高。虚拟场景的色彩特别鲜艳。和现实里 的颜色几乎没差别。视觉体验真的绝了 无心插柳哦哦"
2025-11-26,"设备的定位能力很强 就算在小空间里玩 也能精准识别身体的移动。不会出现定位漂移的情况。玩需要移动的游 戏时特别安心,不用怕撞到现实里的东西 jd_nsgjizyzjwo4td"
2025-11-27,Quest3 5126 [定制代激活] 头盔设计很贴合头部。透气性好 不会闷汗。30头盔的视觉效果震撼。智能体感操控流畅。无论是玩游戏还是看 VR视频都超有代入感。值得入手!
2025-11-27,Quest3 5126 [未拆封] +舒适头戴 质量挺 不错的。好评 无心插柳哦哦
2025-11-26,"戴在头上不会觉得头重脚轻; 就算玩几个小时。脖子也不会觉得酸。这点比之前用过的 VR设备好太多, 长时间玩也很轻松 莫忘007"
2025-11-28,佩戴轻便舒适; 声音效果出色。沉浸感很强。观看视频非常流畅。运行速度也很快。没有卡顿现象。 整体体验很 值得推荐购买。 jd_138372qfc
2025-11-27,Quest3 5126 [末拆封] +近视镜片 细节展现到位。体感操控响应迅速。没有明显延迟 续航能力满足日常需求 无论是 自己玩还是和朋友 起都很开心! jd_62828f690412c1
2025-11-26,"发货速度太惊喜。拆开是全新末拆封的包装。配件齐全得很。开机引导引导特别简单 几分钟就摸清了操作 的按键反馈很舒服,按起来不软不硬刚好"
2025-11-27,Quest3 5126 [定制代激活] 高端娱乐体验;  太值了!
2025-11-27,Quest3 5126 [未拆封] +近视镜片 佩戴舒适贴合头部。高清分辨率视野清晰。体感追踪稳定精准。续航持久不发烫; 大人小孩爱 用!
2025-11-27,Quest3 5126 [全新未拆封] 作为 名资深游戏玩家。这款VR眼镜 体机的表现让我惊喜 画质清晰。体感精准。运行稳定不卡顿。沉浸式体
2025-11-27,Quest3 5126 [未拆封] +近视镜片 收到了 在虚拟空间里自由探索。互动。这种体验新奇又有趣! 满意 92*比脸美
2025-11-27,"Quest3 5126 [末拆封] +近视镜片 作为VR新手 这款一体机真的很友好。操作界面简洁易懂 自带的游戏资源丰富 画质清晰细腻。体感反馈真 在家就能享受沉浸式娱乐, 太香了! jd_ f7942v21h8298e"
2025-11-27,Quest3 5126 [末拆封] +近视镜片 充一次电足够
2025-11-27,Quest3 5126 [全新未拆封] 机身轻便质感扎实; 高清分辨率视野开阔 体感精准无延迟; 内容资源丰富。追剧玩游戏两不误。体验感超预期!
2025-11-27,"Quest3 5126 [全新末拆封] 沉浸式娱乐神器! 30头盔画面逼真。智能体感操控精准。游戏和视频资源丰富, 佩戴舒适不压头 身临其境的娱乐体验 强烈推荐! 5**了"
2025-11-27,Quest3 5126 [全新末拆封] jd_4t9124o29t3r4d
2025-11-27,Quest3 5126 [未拆封] +舒适头戴 大小合适。做工精细。戴着很舒服。画面清晰。操作简单。虚拟和现实融合在一起。沉浸式体验。爱了!值得推荐
2025-11-27,Quest3 5126 [未拆封] +近视镜片 满!
2025-11-27,"Quest3 5126 [未拆封] +近视镜片 沉浸式体验真的绝了, 亲肤。佩戴舒适。强烈推荐!"
2025-11-27,Quest3 5126 [定制代激活] 起组队开黑。太欢乐了 !
2025-11-27,Quest3 5126 [定制代激活] 手! jd_4t9124029t3r4d
2025-11-27,Quest3 5126 [全新末拆封] 收到了 外形好看。 快乐感十足爱了
2025-11-27,"Quest3 5126 [定制代激活] 沉浸式体验太绝了, 快乐! jd_howkbgoyw5655c"
2025-12-02,Quest3 5126 [全新末拆封]
2025-11-27,Quest3 5126 [未拆封] +舒适头戴 VR眼镜 体机体验超惊艳。30画质清晰逼真沉浸感拉满。智能体感灵敏不卡顿。在家就能畅玩3A大作。休闲娱乐
2025-11-27,Quest3 5126 [未拆封] +舒适头戴 智能VR头盔操作便捷 30画质通透逼真 体感反馈灵敏自然。佩戴贴合不闷汗。独处放松或聚会互动都超合适! 风1805
2025-11-25,"Quest3 5126 [末拆封] +舒适头戴 入手这款VR设备后 娱乐生活变得超精彩!画面逼真得仿佛伸手就能触摸到虚拟世界里的切。玩游戏时的互动 体验超绝。让人完全沉浸其中,快乐感爆棚!"
2025-11-27,Quest3 5126 [全新末拆封] 收到 开封视频。我拿到货后更是 步步教我怎么设置。现在玩起来很爽; 值得推荐
2025-11-27,Quest3 5126 [末拆封] +近视镜片 莫忘007
2025-11-28,"定位精准。操作流畅, 内容丰富实用; 发货速度很快。画面显示清晰。沉浸感强。整体体验非常满意; 值得推荐。 jd_tnfoaXZQYArf5"
2025-11-27,Quest3 5126 [定制代激活] 看30电影像在私人IMAX影院。沉浸感拉满。
2025-11-27,Quest3 5126 [定制代激活]
2025-11-25,"Quest3 5126 [末拆封] +近视镜片 互动, 这种体验新奇又有趣! 风1805"
2025-11-25,Quest3 5126 [全新末拆封] 水。仿佛真的置身于游戏场景之中! 5**了
2025-11-27,Quest3 5126 [末拆封] +近视镜片 居家娱乐幸福感直接拉满!
2025-11-27,Quest3 5126 [末拆封] +近视镜片 娱乐性价比超高 密蜜汁
2025-11-25,每次使用这款VR设备。都有不一样的惊喜!它的设计贴合头部。佩戴起来舒适 不会有压迫感。在虚拟世界里尽 情畅游。简直是休闲时光的绝佳伴侣! 大娟嘉嘉
2025-11-26,"磁吸近视镜片超贴心, 画面细节拉满。游戏互动感超强。解压又好玩; 入手不亏~ VR眼镜收到了 质量非常好。电池耐用。运行速度快。带着方便。玩游戏不会卡 柒只小可爱"
2025-11-26,Quest3 5126 [定制代激活]
2025-11-27,Quest3 5126 [未拆封] +舒适头戴 VR眼镜一体机做工扎实;游戏资源丰富。30效果沉浸。体感响应快。使用体验超棒
2025-11-27,Quest3 5126 [末拆封] +近视镜片 操作流畅
2025-11-27,Quest3 5126 [未拆封] +舒适头戴
2025-11-27,Quest3 5126 [未拆封] +舒适头戴 VR一体机游戏运行流畅。体感交互自然。30效果清晰。做工优质。使用超满意
2025-11-27,Quest3 5126 [全新未拆封] 30头盔佩戴舒适。智能体感响应快。画质清晰。游戏资源丰富。操作简单易上手
2025-11-27,Quest3 5126 [定制代激活] 观影很清晰。佩戴舒适; 游戏内容多。操作简单。科技感十足。真心不错。推荐。 jd_4t9124o29t3r4d
2025-11-27,Quest3 5126 [末拆封] +近视镜片 发货快物流很快。包装很好。 大小合适。 画面清晰。体验感十足。好喜欢。 满意
2025-12-02,Quest3 5126 [定制代激活]
2025-12-07,Quest3 5126 [未拆封] +舒适头戴 画面很清晰
2025-11-27,Quest3 5126 [未拆封] +舒适头戴 日常娱乐体验超棒
2025-11-27,Quest3 5126 [全新末拆封] 30头盔透气性好。智能体感响应灵敏; 画质清晰。续航够用 日常娱乐超合适
2025-11-27,Quest3 5126 [未拆封] +近视镜片 创新设计;操作简单 配戴舒适。无论是观看影片还是游戏时。都能感受到更真实的体验
2025-11-27,Quest3 5126 [未拆封] +近视镜片 小5619
2025-11-27,"Quest3 5126 [末拆封] +舒适头戴 清晰度拉满。近视也能看清细节, 观影。玩游戏都不模糊。体验感超棒~"
2025-11-27,Quest3 5126 [定制代激活] 全程没有卡顿
2025-11-26,VR- 体机收到了 质量不错。外观也好看。电池耐用。玩游戏不会卡
2025-11-26,"Quest3 5126 [定制代激活] VR眼镜收到了, 质量很好。戴上很舒服,也不磨眼睛。很满意。"
2025-11-27,Quest3 5126 [定制代激活] 真实感很强。运行流畅。画质很好。佩戴很舒适。 响单单咚
2025-11-28,Quest3 5126 [未拆封] +近视镜片
2025-11-27,Quest3 5126 [定制代激活] 画面清晰又流畅。沉浸感十足混合现实体验超乎想象 _
