标题,昵称,地区,评论内容
【横评】AI眼镜是玩具还是真未来？一个月真实体验告诉你,饿肚子的猫咪V,未知,单独的ai眼镜不太划得来，最好是蓝牙或星闪链接手机，靠手机的算力来运行，眼镜儿变成只是显示信息，这样首先大幅度省电，提升续航，另一方面也降低眼镜成本，加速普及。
【横评】AI眼镜是玩具还是真未来？一个月真实体验告诉你,命运2x假面骑士,未知,如果ai眼睛能代替现在的近视镜可自主调节度数，那可就真神了
【横评】AI眼镜是玩具还是真未来？一个月真实体验告诉你,职场老姐爱吐槽,未知,AI眼镜如果和手机合并就完美了
【横评】AI眼镜是玩具还是真未来？一个月真实体验告诉你,依然晴天qqqq,未知,戴久了会不会像近视镜一样，眼睛越来越凸
【横评】AI眼镜是玩具还是真未来？一个月真实体验告诉你,Java仙人,未知,rokid一用一个不吱声[藏狐]
【横评】AI眼镜是玩具还是真未来？一个月真实体验告诉你,缺点能接受,未知,期待大疆ai眼镜
【横评】AI眼镜是玩具还是真未来？一个月真实体验告诉你,cafe179,未知,对于近视的我来讲，是不是可以配合适的镜片度数啊?
【横评】AI眼镜是玩具还是真未来？一个月真实体验告诉你,空白浪沫Zz,未知,这怎么听歌的，骨传导吗？
【横评】AI眼镜是玩具还是真未来？一个月真实体验告诉你,hgjg131,未知,可惜对本来就近视的人群不方便
【横评】AI眼镜是玩具还是真未来？一个月真实体验告诉你,夏目ゴリラ,未知,有个疑问这些ai眼镜如果录制视频途中没电，素材会丢失吗
【横评】AI眼镜是玩具还是真未来？一个月真实体验告诉你,MCV09,未知,雷朋新出的meta gen2怎么没有人测试？meta2这些数据都摸透了，短板是续航只有4小时，meta gen2说是翻倍了但是全b站一个视频都没有
【横评】AI眼镜是玩具还是真未来？一个月真实体验告诉你,汪有明亮的心,未知,期末考试能用吗[doge_金箍]
【横评】AI眼镜是玩具还是真未来？一个月真实体验告诉你,柒柒的椰奶,未知,不插线看剧可以用多久？
【横评】AI眼镜是玩具还是真未来？一个月真实体验告诉你,科夫纳,未知,未来的玩具
【横评】AI眼镜是玩具还是真未来？一个月真实体验告诉你,513爱你,未知,是不是可以实现地图ar导航那种
【横评】AI眼镜是玩具还是真未来？一个月真实体验告诉你,7oveKi,未知,英语考试的时候可以？
【横评】AI眼镜是玩具还是真未来？一个月真实体验告诉你,冷眼看人类,未知,教育内卷创造大量近视眼，ai眼镜对近视眼不友好，可能还强化近视(?)。其实还有许多。社会急需系统协调。
【横评】AI眼镜是玩具还是真未来？一个月真实体验告诉你,y3t4ozzz,未知,能帮我考试吗？[doge]
【横评】AI眼镜是玩具还是真未来？一个月真实体验告诉你,云鹰乂飞将,未知,乐奇的导航交互挺有意思的，小米挺小巧的，我感觉各有特色
【横评】AI眼镜是玩具还是真未来？一个月真实体验告诉你,丘比剪刀特,未知,这个产品品类有点意思。但目前太多的不成熟了。再等个3代，带有显示屏，再说。能够查看些简单的信息。比如微信聊天，电话来电，导航，视频等那就更好了。
【横评】AI眼镜是玩具还是真未来？一个月真实体验告诉你,pineapple_zz,未知,感觉有点重量，不过确实方便，可以拍照翻译这两点就很吸引人了
【横评】AI眼镜是玩具还是真未来？一个月真实体验告诉你,女蛮好吃,未知,我觉得ai眼镜还有很长的路要走，至少标配镜片显示吧
【横评】AI眼镜是玩具还是真未来？一个月真实体验告诉你,码小,未知,感觉就拍照拍视频实用点
【横评】AI眼镜是玩具还是真未来？一个月真实体验告诉你,好哥哥阿肆,未知,ai眼睛感觉完全可以代替vr眼镜啊
【横评】AI眼镜是玩具还是真未来？一个月真实体验告诉你,努力学习的小汪汪,未知,ai眼镜，我还以为我看错了 还以为是ar世界变换太快
【横评】AI眼镜是玩具还是真未来？一个月真实体验告诉你,星星可以摘吗,未知,那眼镜充电一次可以用多久
【横评】AI眼镜是玩具还是真未来？一个月真实体验告诉你,碎蜗,未知,长时间佩戴会不会压鼻梁、不舒服？
【横评】AI眼镜是玩具还是真未来？一个月真实体验告诉你,橘-子a,未知,可以翻译外语挺不错的
【横评】AI眼镜是玩具还是真未来？一个月真实体验告诉你,小趴菜嘿嘿嘿,未知,眼镜边冲边用 看着是有点奇怪，被拴在插座上了[笑哭][笑哭]
【横评】AI眼镜是玩具还是真未来？一个月真实体验告诉你,枫hacker,未知,可以解锁电动车之类的嘛，就比如说，乐奇帮我解锁一下前面的电动车
【横评】AI眼镜是玩具还是真未来？一个月真实体验告诉你,叶卡喵喵,未知,早着呢，10几年前，谷歌眼镜年年上次热搜，吹一波，但10几年后，谷歌眼镜早凉透了，Ai眼镜得再过5年后，30年，但35年才能搞好
【横评】AI眼镜是玩具还是真未来？一个月真实体验告诉你,优里加特林,未知,轻度，电力，使用场景都不成熟，说白了就是半成品，现在买就相当于小白鼠给研发提供充足弹药，当然不是AR不好，而是现在不好
【横评】AI眼镜是玩具还是真未来？一个月真实体验告诉你,怪盗懒羊羊,未知,真心感受到了科技改变生活这句话，但是AI眼镜还有很长的路要走，目前来看嘛…算是一个新奇事物…实用性如何有待评价
【横评】AI眼镜是玩具还是真未来？一个月真实体验告诉你,芒果蛋挞_2199,未知,这个重量多重呀！戴久了会不会晕啊？
【横评】AI眼镜是玩具还是真未来？一个月真实体验告诉你,背刀客88,未知,感觉以后ai眼镜会代替近视眼镜，这是一个趋势[吃瓜][吃瓜]
【横评】AI眼镜是玩具还是真未来？一个月真实体验告诉你,不忘初心易受,未知,这个佩戴感受重吗，压鼻梁吗？
【横评】AI眼镜是玩具还是真未来？一个月真实体验告诉你,玩偶先生请耐心,未知,考试能用吗
【横评】AI眼镜是玩具还是真未来？一个月真实体验告诉你,蛮牛出笼,未知,如果未来能自主调节自适应用户的近视远视度数就牛逼了
【横评】AI眼镜是玩具还是真未来？一个月真实体验告诉你,汪汪小狗狗,未知,也许不久之后会出台规范AI设备使用的条例了，尤其是录像和录音这两个方面
【横评】AI眼镜是玩具还是真未来？一个月真实体验告诉你,蒲萤玖依持,未知,请大家帮帮忙
【横评】AI眼镜是玩具还是真未来？一个月真实体验告诉你,猫猫头选我,未知,我因为近视一直在找有其他功能性的眼镜，但是我又是高低耳戴上眼镜是歪的，也没有配套的配件真的很难受
【横评】AI眼镜是玩具还是真未来？一个月真实体验告诉你,冬雪几时来,未知,有时间我要去体验一下
【横评】AI眼镜是玩具还是真未来？一个月真实体验告诉你,凯凯boos,未知,ai眼镜这个全人类语言互通的未来   就足够震撼力[打call][打call][打call][打call][打call][打call][打call][打call][打call][打call][打call]
【横评】AI眼镜是玩具还是真未来？一个月真实体验告诉你,雾绕-山空,未知,ai眼镜现在雀食是个不错的科技设备，但是现在还是用不到日常上面，也就是体验体验，现在对于大部分人来说，还是手机更实用，甚至相比于眼镜，手表的实用性也是比眼镜高的，但是现在的ai眼镜，看起来还是不错的，带上眼镜不影响颜值[doge]
【横评】AI眼镜是玩具还是真未来？一个月真实体验告诉你,咩咩云野,未知,小米你又出息了
【横评】AI眼镜是玩具还是真未来？一个月真实体验告诉你,不厨柚子厨茉子,未知,ai眼镜还是很有吸引力的，在各种需求方面，之前的印象都是纯花瓶
【横评】AI眼镜是玩具还是真未来？一个月真实体验告诉你,冻干草莓真好吃,未知,感觉戴这种眼镜会让近视度数增加的更快
【横评】AI眼镜是玩具还是真未来？一个月真实体验告诉你,一个细节蛙,未知,ai眼镜功能丰富比如翻译，导航，健康监测而且还能帮助演讲者脱稿演讲比如小米ai眼镜佩戴舒适但是ai眼镜不得不说隐私方面还是有点隐患
【横评】AI眼镜是玩具还是真未来？一个月真实体验告诉你,闲人ol,未知,不能使用一整天就不考虑，近视的不想随身带两幅眼镜
【横评】AI眼镜是玩具还是真未来？一个月真实体验告诉你,里浪小白龙,未知,如果可以配度数就更好啦
【横评】AI眼镜是玩具还是真未来？一个月真实体验告诉你,地球Online职业玩家,未知,ai眼镜不是什么必要的东西，它的功能手机基本都能满足，要说方便也不见得。对于近视远视的用户，配个带度数的ai眼镜，基本上就只能自己用了。
【横评】AI眼镜是玩具还是真未来？一个月真实体验告诉你,远方的山11,未知,支付功能微信不能用吧？
【横评】AI眼镜是玩具还是真未来？一个月真实体验告诉你,在下-呆毛王,未知,这音质挺不错的看电影有字幕显示很方便
【横评】AI眼镜是玩具还是真未来？一个月真实体验告诉你,七枢灬,未知,一楼想法真不错，人的眼睛度数不是一成不变了，不仅近视的可以带，眼镜的使用寿命也能变长[星星眼]就是感觉现在眼镜还是不太普及
【横评】AI眼镜是玩具还是真未来？一个月真实体验告诉你,布拉琪-词,未知,智能眼镜，要是智能在近视眼远视眼的调节上下点功夫，就更厉害了
【横评】AI眼镜是玩具还是真未来？一个月真实体验告诉你,黑魔术师,未知,雷鸟的不测评下？
【横评】AI眼镜是玩具还是真未来？一个月真实体验告诉你,高扬-o,未知,AI眼镜目前的这些功能可以脱离手机联网使用吗
【横评】AI眼镜是玩具还是真未来？一个月真实体验告诉你,鞋拖子字,未知,Ai眼镜已经渗透入生活中了，以后也会是随处可见的配件之一吧
【横评】AI眼镜是玩具还是真未来？一个月真实体验告诉你,biubu--_,未知,小时候科幻片里的剧情还在多远的未来
【横评】AI眼镜是玩具还是真未来？一个月真实体验告诉你,星耀iii,未知,什么时候能够在小巧一些就好了
【横评】AI眼镜是玩具还是真未来？一个月真实体验告诉你,避开某个时期,未知,我对AI眼镜一直很有兴趣但一直没有买有人买过吗？推荐一下？
【横评】AI眼镜是玩具还是真未来？一个月真实体验告诉你,九亿女梦冉,未知,这镜片算是屏幕吗[doge]
【横评】AI眼镜是玩具还是真未来？一个月真实体验告诉你,雏田呀呀-,未知,款式好日常[doge]有点像我的近视眼镜
【横评】AI眼镜是玩具还是真未来？一个月真实体验告诉你,桔叶Ju,未知,这个续航怎么样，电池容量不会太小吧
【横评】AI眼镜是玩具还是真未来？一个月真实体验告诉你,集集集_,未知,我是觉得ai眼镜挺有意思的[鸣潮_好呀]
【横评】AI眼镜是玩具还是真未来？一个月真实体验告诉你,碳烤鱼ww,未知,其实现在ai眼镜还不算很完善，还是需要蓝牙连接，还有很多生态和应用场景需要完善，只能说是未来可期的产品
【横评】AI眼镜是玩具还是真未来？一个月真实体验告诉你,Jlhhh,未知,想到一个极限场景 当你眼镜摄像头闪烁或亮起时，别人非认为你偷拍 这个与科技本身无关但却是很痛的场景
【横评】AI眼镜是玩具还是真未来？一个月真实体验告诉你,龍终观,未知,外观上乐奇在穿搭上适配性高，其次小米，在拍照上乐奇的提示功能，可以更好的辅助拍摄，画面上我喜欢小米的。
【横评】AI眼镜是玩具还是真未来？一个月真实体验告诉你,中奖了就充大会员,未知,能带着这个考试吗[吃瓜]
【横评】AI眼镜是玩具还是真未来？一个月真实体验告诉你,Quid1an,未知,这个能代替近视眼镜吗[吃瓜]
【横评】AI眼镜是玩具还是真未来？一个月真实体验告诉你,明斯克_by,未知,如果Rokid这款眼镜能深度接入小米就好了，手持rokid，功能确实不错
【横评】AI眼镜是玩具还是真未来？一个月真实体验告诉你,好好学习啊v,未知,创新需要群众买单，群众又想等等再好点购买
【横评】AI眼镜是玩具还是真未来？一个月真实体验告诉你,小狸花爱画画,未知,眼镜的音乐是外放吗？
【横评】AI眼镜是玩具还是真未来？一个月真实体验告诉你,春天的燕子abc,未知,其实眼镜儿不太需要考虑音质问题吧，买这个的大部分不是为了听音乐的，算是锦上添花功能
【横评】AI眼镜是玩具还是真未来？一个月真实体验告诉你,请你道歉,未知,我都还没用过，好想体验一下[doge_金箍]
【横评】AI眼镜是玩具还是真未来？一个月真实体验告诉你,kingkany,未知,三款中产品中，更喜欢乐奇的这款，觉得更会有更多人性化的配置，最主要的能够显示内容，尤其导航功能，用着真的很爽[OK]
【横评】AI眼镜是玩具还是真未来？一个月真实体验告诉你,Awake_Lee,未知,用导航这些功能的时候需要一直开着手机吗
【横评】AI眼镜是玩具还是真未来？一个月真实体验告诉你,沐雨不是妤,未知,看了那么久，我觉得最实用的就是翻译功能[嗑瓜子]可以拿去学校吗？
【横评】AI眼镜是玩具还是真未来？一个月真实体验告诉你,--无名小白--,未知,这是防偷拍用的吗
【横评】AI眼镜是玩具还是真未来？一个月真实体验告诉你,莫溺往昔忆,未知,AI眼镜未来是肯定会有的 而且现在来看大体的技术已经有了 但是真正的实用和普及还得很久
【横评】AI眼镜是玩具还是真未来？一个月真实体验告诉你,沙雕本雕咻咻咻,未知,感觉ai眼镜拍vlog挺好用啊，不知道内存多大
【横评】AI眼镜是玩具还是真未来？一个月真实体验告诉你,fvggxs,未知,眼镜腿再细一点就好看了
【横评】AI眼镜是玩具还是真未来？一个月真实体验告诉你,红柚与白柚,未知,这个ai眼镜现在还是有点可怕，不然被偷拍了都不知道[笑哭]
【横评】AI眼镜是玩具还是真未来？一个月真实体验告诉你,XSQ10032,未知,实用性还不太成
【横评】AI眼镜是玩具还是真未来？一个月真实体验告诉你,丿冰封丶千年缘,未知,感觉有点重，戴起来会不会压的鼻子耳朵不舒服？
【横评】AI眼镜是玩具还是真未来？一个月真实体验告诉你,阿噜哒哒哒哒-,未知,以后真要像电影里演的一样了，眼神付款指日可待
【横评】AI眼镜是玩具还是真未来？一个月真实体验告诉你,小嫊嫊,未知,可以是未来，但需要技术力上去
【横评】AI眼镜是玩具还是真未来？一个月真实体验告诉你,我要寻找阳光,未知,关键在于怎么解决近视眼吧，本身带了一个眼镜，ai眼镜能把这个替换就好了
【横评】AI眼镜是玩具还是真未来？一个月真实体验告诉你,河北大学附属医院,未知,入门太难了，这种东西只会越来越贵吧
【横评】AI眼镜是玩具还是真未来？一个月真实体验告诉你,唔好系载辄发癫,未知,虽然说现阶段功能不够完善有点类似玩具，但是这个场景跟儿时幻想的未来真的越来越近了[点赞]
【横评】AI眼镜是玩具还是真未来？一个月真实体验告诉你,混日子的老徐,未知,一方面希望能小巧一点，另一方面又希望续航能长一点，只能等电池技术再有些突破吧[doge]
【横评】AI眼镜是玩具还是真未来？一个月真实体验告诉你,lachen24,未知,颜值还可以 看生态融合的怎么样吧[doge_金箍]
【横评】AI眼镜是玩具还是真未来？一个月真实体验告诉你,Alina-_-,未知,感觉还是未来可期的状态[笑哭]眼镜很重要的一点就是镜片跟镜框重量(对于高度近视的人来说，这很重要)近视度数越高，镜片越厚也越重，如果镜框跟镜片都不能足够轻量，架在鼻梁上的重量可想而知，如果在镜脚加装了微型蓝牙音箱，那会不会压耳朵，如果整副眼镜的重量太过，那一天也戴不了多久就要摘掉，根本无法日常化使用，如果还因为各种弊端导致视疲劳严重，甚至导致近视加重，那更是，得不偿失[笑哭]
【横评】AI眼镜是玩具还是真未来？一个月真实体验告诉你,不见你没事吧,未知,操控要是能更智能点就好了[doge_金箍]
【横评】AI眼镜是玩具还是真未来？一个月真实体验告诉你,随机出现的名字,未知,ai眼镜真的在未来会起到很大很大的作用，有很大的市场
【横评】AI眼镜是玩具还是真未来？一个月真实体验告诉你,蜜桃乌龙泡泡水,未知,感觉现在的Ai眼镜还不是很实用，这些功能都有更好的替代，拍照比不上手机，音质比不上耳机，我本身也是戴眼镜的，但是我觉得戴眼镜很不舒服，我是能不戴就不戴
【横评】AI眼镜是玩具还是真未来？一个月真实体验告诉你,暗隐9,未知,电池做小续航做长就好了[doge_金箍][doge_金箍]
【横评】AI眼镜是玩具还是真未来？一个月真实体验告诉你,窝窝头931,未知,有没有支持电致变色的近视镜？
【横评】AI眼镜是玩具还是真未来？一个月真实体验告诉你,天上飞的是鱼,未知,遥记前几年业内都在吹ar眼镜，现在又成ai眼镜了[笑哭]
【横评】AI眼镜是玩具还是真未来？一个月真实体验告诉你,萬壹ZoveyOne,未知,要是能适配散光镜片就好了
【横评】AI眼镜是玩具还是真未来？一个月真实体验告诉你,绿提不是红色,未知,期待普及[doge]
【横评】AI眼镜是玩具还是真未来？一个月真实体验告诉你,路都没看到,未知,ai眼镜？要是可以自动根据佩戴者的眼睛度数调整清晰度是不是无敌了，ai的话肯定会有同声传译吧[doge][doge][doge]
【横评】AI眼镜是玩具还是真未来？一个月真实体验告诉你,千兆爱婴,未知,还没手机贵，系统稳定性怎么样
【横评】AI眼镜是玩具还是真未来？一个月真实体验告诉你,新晋科研人小孙,未知,真的非常期待一款好用的ai眼镜，科技感十足啊
【横评】AI眼镜是玩具还是真未来？一个月真实体验告诉你,D1SaSTeRR,未知,有没有给近视的入用的
【横评】AI眼镜是玩具还是真未来？一个月真实体验告诉你,求求了中次奖吧,未知,预测一波，再过10年，ai眼镜直接普及[doge]
【横评】AI眼镜是玩具还是真未来？一个月真实体验告诉你,小桃鼠_もも,未知,感觉现在更偏向于玩具性质的，因为很多时候手机都是手机不离身[笑哭]但是真的期待后续发展吧
【横评】AI眼镜是玩具还是真未来？一个月真实体验告诉你,别致数讯,未知,离日常长期佩戴像近视眼镜，感觉还差点距离
【横评】AI眼镜是玩具还是真未来？一个月真实体验告诉你,艾米酱_1,未知,目前肯定只能是玩具
【横评】AI眼镜是玩具还是真未来？一个月真实体验告诉你,芝芝莓莓r,未知,近视咋整？还能搞有度数的，边框再好看点就更好了 不过我感觉很难改边框 不可能太窄🤔
【横评】AI眼镜是玩具还是真未来？一个月真实体验告诉你,Kevin_yepp,未知,感觉这款眼镜有些地方还是有待提升，希望小米越做越好[doge][doge]
【横评】AI眼镜是玩具还是真未来？一个月真实体验告诉你,凛夜__3,未知,其实这种眼镜不适合长时间佩戴，对我们这种近视人群，戴这种眼镜也得在口袋里揣着自己的眼镜，还是太不方便了
【横评】AI眼镜是玩具还是真未来？一个月真实体验告诉你,i人间忽晚,未知,可以理解为一个两千块的入门骨传导+行车记录仪+眼镜的组合吗？
【横评】AI眼镜是玩具还是真未来？一个月真实体验告诉你,囬启,未知,发展成熟后能解决相当一部分问题[吃瓜]
【横评】AI眼镜是玩具还是真未来？一个月真实体验告诉你,规划共那就和国,未知,鸟维斯，召唤巨齿龙兽[doge]
【横评】AI眼镜是玩具还是真未来？一个月真实体验告诉你,现在猫猫头过气了,未知,记着前几年AI眼镜更多的是出现在影视剧里，虽然现在出现的AI眼界并没有那么智能，但是未来可期[打call]
【横评】AI眼镜是玩具还是真未来？一个月真实体验告诉你,音無弦月,未知,这东西耐不耐摔呀？
【横评】AI眼镜是玩具还是真未来？一个月真实体验告诉你,XCalico,未知,连MKBHD这种数码一哥都说了：“等Google的”，毕竟硬件软件一起，大而不倒。
【横评】AI眼镜是玩具还是真未来？一个月真实体验告诉你,空色のリボン,未知,框还不太好看，期待以后框架更细[doge]
【横评】AI眼镜是玩具还是真未来？一个月真实体验告诉你,向海不网易,未知,之前网上看人家留学生戴这种，觉得很不可思议，现在终于开始进入普通人生活了
【横评】AI眼镜是玩具还是真未来？一个月真实体验告诉你,多年后请用一枝玫瑰纪念我,未知,感觉ai眼镜要做到实用性拉满 还要再发展五年
【横评】AI眼镜是玩具还是真未来？一个月真实体验告诉你,李短,未知,我本身是不近视的，是直接只要那个框没有镜片呢？还是平镜面？
【横评】AI眼镜是玩具还是真未来？一个月真实体验告诉你,白云下的雨滴,未知,话说，这个戴上时间长了会不会感觉有点重呢？
【横评】AI眼镜是玩具还是真未来？一个月真实体验告诉你,来B站看哈哈,未知,这眼镜能不能配度数的啊？近视远视怕是不能用哦
【横评】AI眼镜是玩具还是真未来？一个月真实体验告诉你,这周六只只了,未知,ai眼镜可以完全代替眼镜的作用吗？
【横评】AI眼镜是玩具还是真未来？一个月真实体验告诉你,什么怎么怎么说,未知,"ai眼镜👓
雷朋Mate 2
小米ai眼镜
Rokid乐奇眼镜
眼镜盒不同，充电方式不同
乐奇配备鼻托，乐奇提供三种画面尺寸选择
ai翻译体验不相同"
【横评】AI眼镜是玩具还是真未来？一个月真实体验告诉你,千星染,未知,这个重量会很重吗，没戴过眼镜会不会不舒服
【横评】AI眼镜是玩具还是真未来？一个月真实体验告诉你,蒲萤玖依持,未知,请大家多多关注一下阳光上东事件
【横评】AI眼镜是玩具还是真未来？一个月真实体验告诉你,转角撞豆腐,未知,不近视的人戴久了，会近视吗[捂眼]
【横评】AI眼镜是玩具还是真未来？一个月真实体验告诉你,林下清風,未知,AI眼镜  我就喜欢钢铁侠那样式的[doge]
【横评】AI眼镜是玩具还是真未来？一个月真实体验告诉你,郭捷guo,未知,这个和vr眼镜是一个道理吧[doge_金箍][doge_金箍]不过方便一点
【横评】AI眼镜是玩具还是真未来？一个月真实体验告诉你,熈熈x,未知,从没体验过ai 眼镜，想尝试。但会不会进一步影响视力是我比较关注的
【横评】AI眼镜是玩具还是真未来？一个月真实体验告诉你,揽月雾山,未知,我感觉现在的AI眼镜还得玩具，功能的单一，科技还是属于画饼，日常生活使用不如掏出手机便捷，而且估计也会管制
【横评】AI眼镜是玩具还是真未来？一个月真实体验告诉你,新事物挖掘馆,未知,ai眼镜几千块，能够实时翻译，感觉这价格还能接受
【横评】AI眼镜是玩具还是真未来？一个月真实体验告诉你,阿米绥,未知,vr眼镜的技术啥时候能再提升……
【横评】AI眼镜是玩具还是真未来？一个月真实体验告诉你,小气球打猴子,未知,玩3d游戏晕的话，戴这种眼镜是不是也容易晕？
【横评】AI眼镜是玩具还是真未来？一个月真实体验告诉你,比奇堡中的派大星,未知,感觉ai眼镜未来应该有发展空间的，比如体积更小更轻[思考]
【横评】AI眼镜是玩具还是真未来？一个月真实体验告诉你,爆米花抱花生和米,未知,那会新出的小米眼镜 还得电变 贼喜欢 就是电变镜不支持近视 哎  啥时候能来一款针对近视人士设计的眼镜就好了[doge_金箍]
【横评】AI眼镜是玩具还是真未来？一个月真实体验告诉你,小鲁班迪迪,未知,小米发布会展示的 ai 眼镜功能还挺丰富的，居然可以连接小爱进行语音控制，就是不知道续航是不是短板
【横评】AI眼镜是玩具还是真未来？一个月真实体验告诉你,ooqels,未知,如果真能发展起来方便生活确实不错
【横评】AI眼镜是玩具还是真未来？一个月真实体验告诉你,芝士进我老带里,未知,戴壳一周 确实方便 就是有时候耳根会疼  适应就好了
【横评】AI眼镜是玩具还是真未来？一个月真实体验告诉你,九泉镜花,未知,要是把3d的功能移植进去这个眼镜里面就好了[打call]
【横评】AI眼镜是玩具还是真未来？一个月真实体验告诉你,Loser废柴同学7,未知,百万的数码媒体唤醒词都不消音，把我的小爱同学唤醒了[阴险]
【横评】AI眼镜是玩具还是真未来？一个月真实体验告诉你,mmmm25,未知,这个电量能用多久，支付功能能使用吗
【横评】AI眼镜是玩具还是真未来？一个月真实体验告诉你,刚刚发给华发新城发,未知,现在眼镜续航怎么样了？
【横评】AI眼镜是玩具还是真未来？一个月真实体验告诉你,芒果-0,未知,这么小的东西续航多久啊[笑哭]
【横评】AI眼镜是玩具还是真未来？一个月真实体验告诉你,阿斗的江山,未知,AI眼镜对视力的影响有评测么
【横评】AI眼镜是玩具还是真未来？一个月真实体验告诉你,DevllMayCry,未知,现在AI眼镜这么小了吗[来古-注意]
【横评】AI眼镜是玩具还是真未来？一个月真实体验告诉你,bili_83838040372,未知,我就好奇沉不沉，[笑哭][笑哭][笑哭]暂时不太会购买
【横评】AI眼镜是玩具还是真未来？一个月真实体验告诉你,一只滋水枪,未知,是未来的一部分，但不知道未来什么时候来
【横评】AI眼镜是玩具还是真未来？一个月真实体验告诉你,狗子狗子耶嘿,未知,不戴眼镜的我是真不习惯
【横评】AI眼镜是玩具还是真未来？一个月真实体验告诉你,呈烽michale,未知,现在看来我的小米全家桶还需要一副眼镜
【横评】AI眼镜是玩具还是真未来？一个月真实体验告诉你,JackZz2,未知,ai眼镜吗？有啥用？[蹲蹲]
【横评】AI眼镜是玩具还是真未来？一个月真实体验告诉你,狗蛋蛋蛋蛋a,未知,现在眼镜这么高级了 想当初以前有一个能听歌的用就很满意了  果然科技在进步啊[笑哭]
【横评】AI眼镜是玩具还是真未来？一个月真实体验告诉你,不知道叶Ali,未知,这么微型的摄像头在眼睛上画质也能这么牛批啊
【横评】AI眼镜是玩具还是真未来？一个月真实体验告诉你,马小马888,未知,这个镜框挺厚，会不会压耳呀
【横评】AI眼镜是玩具还是真未来？一个月真实体验告诉你,大怪兽ゃ,未知,感觉还是有待发展[doge]
【横评】AI眼镜是玩具还是真未来？一个月真实体验告诉你,柒歖666,未知,小米眼镜试了一下  感觉好棒  攒攒钱入一个
【横评】AI眼镜是玩具还是真未来？一个月真实体验告诉你,好好好好着呢,未知,提醒大家镜片容易脏[坂本_佛系]得经常擦，不然影响拍照和显示效果。
【横评】AI眼镜是玩具还是真未来？一个月真实体验告诉你,大问题DiaIectic,未知,感觉泛用性还是有待提高，目前还是算新鲜事物
【横评】AI眼镜是玩具还是真未来？一个月真实体验告诉你,却看江南烟雨,未知,那近视眼能戴嘛
【横评】AI眼镜是玩具还是真未来？一个月真实体验告诉你,好恰的猫猫头,未知,如果近视呢，带两个眼镜？[笑哭]
【横评】AI眼镜是玩具还是真未来？一个月真实体验告诉你,華仔噗噗,未知,所以可以戴着去考试吗[doge]
【横评】AI眼镜是玩具还是真未来？一个月真实体验告诉你,菠萝助手,未知,这个真的是未来发展，没有AR眼镜那么重，还方便携带
【横评】AI眼镜是玩具还是真未来？一个月真实体验告诉你,仌郭蒙蒙,未知,我已经戴眼镜10年了，如果有这么一款高科技产品，能替代我近视眼镜，那就好多了
【横评】AI眼镜是玩具还是真未来？一个月真实体验告诉你,不一样的向往的追求,未知,大框眼镜，大脸的用户有福了[吃瓜]。眼镜盒充电，有创意，和耳机一样了，感觉触电充电更合理更方便[呲牙][呲牙]
【横评】AI眼镜是玩具还是真未来？一个月真实体验告诉你,笨鸟先飞喵,未知,容量藏起来回答的？它看不到能猜到是吗？
【横评】AI眼镜是玩具还是真未来？一个月真实体验告诉你,喜欢美女的花花公子,未知,我去京东看看评论和介绍[吃瓜]
【横评】AI眼镜是玩具还是真未来？一个月真实体验告诉你,星球k,未知,价格不高的话买来当个玩具还是可以的，融入日常还是太有难度了
【横评】AI眼镜是玩具还是真未来？一个月真实体验告诉你,遮生河,未知,想知道用久了会不会眼镜+度数[doge]
【横评】AI眼镜是玩具还是真未来？一个月真实体验告诉你,WAR-飛阩,未知,乐奇能配度数吗？近视+散光能用吗？
【横评】AI眼镜是玩具还是真未来？一个月真实体验告诉你,一只小two兔,未知,就是怕容易坏，毕竟三四千还是蛮贵的[大哭]
【横评】AI眼镜是玩具还是真未来？一个月真实体验告诉你,mobeiling,未知,它会像眼镜那样子，戴久往下划鼻梁吗？
【横评】AI眼镜是玩具还是真未来？一个月真实体验告诉你,步于夏梦中のnagisa,未知,从来没体验过我很感兴趣，佩戴应该没问题戴了好多年眼镜了
【横评】AI眼镜是玩具还是真未来？一个月真实体验告诉你,剛剛好的,未知,喜欢雷朋的外观看着时尚
【横评】AI眼镜是玩具还是真未来？一个月真实体验告诉你,偷女朋友内裤被发现,未知,在外面这样给眼镜说话感觉好尴尬[笑哭]
【横评】AI眼镜是玩具还是真未来？一个月真实体验告诉你,CR无息,未知,现在有智能手机 耳机 手表，还有视频的智能眼镜，一身的智能设备，科技真是越来越好了[doge]
【横评】AI眼镜是玩具还是真未来？一个月真实体验告诉你,言语虽少彼此懂就好,未知,你敢信，视频里叫小爱同学我手机它答应了！我敲！[喜极而泣]
【横评】AI眼镜是玩具还是真未来？一个月真实体验告诉你,阿辶辶,未知,做个眼睛手术，做完带这个会不会有影响
【横评】AI眼镜是玩具还是真未来？一个月真实体验告诉你,人民币玩家bushi,未知,镜脚那么一点点塞不了多大的电池
【横评】AI眼镜是玩具还是真未来？一个月真实体验告诉你,分享新视界,未知,AI眼镜从短期来看的话，行业标准、用户认知度都还需时间沉淀。
【横评】AI眼镜是玩具还是真未来？一个月真实体验告诉你,人生awa,未知,ai眼睛好像做的不多吧
【横评】AI眼镜是玩具还是真未来？一个月真实体验告诉你,hhhroyalhhh,未知,只有戴眼镜的人才知道有多痛苦[doge]
【横评】AI眼镜是玩具还是真未来？一个月真实体验告诉你,-加菲不会飞,未知,眼镜都整上ai了 能行吗
【横评】AI眼镜是玩具还是真未来？一个月真实体验告诉你,会疯掉头发个性化,未知,有空去线下体验一下小米的[星星眼][星星眼]
【横评】AI眼镜是玩具还是真未来？一个月真实体验告诉你,星霖霖霖霖霖,未知,VR眼镜我都没用过呢，都出ai眼镜了
【横评】AI眼镜是玩具还是真未来？一个月真实体验告诉你,大蘑菇鸭,未知,AI眼镜感觉更像是手机的一种补充 目前感觉更像是一种前言试点产品[doge]
【横评】AI眼镜是玩具还是真未来？一个月真实体验告诉你,菲菲不是废A,未知,这个能实施翻译很方便我这种学习不好的[doge]
【横评】AI眼镜是玩具还是真未来？一个月真实体验告诉你,灵初-残影,未知,开发出的功能还是少了点，现在实用性不大
【横评】AI眼镜是玩具还是真未来？一个月真实体验告诉你,贝比拉Zzz,未知,有ai自动调整度数就好了[doge]
【横评】AI眼镜是玩具还是真未来？一个月真实体验告诉你,卢克幡,未知,有时候忙不过来用来接电话不错，还不影响听其他声音[doge]
【横评】AI眼镜是玩具还是真未来？一个月真实体验告诉你,-海涵-1230,未知,好想带一下，我想知道他那个字显示戴在眼睛上是啥感觉
【横评】AI眼镜是玩具还是真未来？一个月真实体验告诉你,雪花沉睡丶,未知,对于新鲜产品，还是想体验一番的，但是我感觉买了会吃灰[笑哭]
【横评】AI眼镜是玩具还是真未来？一个月真实体验告诉你,一欧入魂,未知,能边充边用？还是提升续航吧。难不成要带充电宝带着[辣眼睛][辣眼睛][辣眼睛]
【横评】AI眼镜是玩具还是真未来？一个月真实体验告诉你,又是摸鱼的一天trp,未知,小米那AI眼镜要多少钱？
【横评】AI眼镜是玩具还是真未来？一个月真实体验告诉你,害又来,未知,自从多个科技公司上市ai眼镜，才发现小时候科幻片的内容真在一步步被实现，太牛了
【横评】AI眼镜是玩具还是真未来？一个月真实体验告诉你,净整些没用的W,未知,ai眼镜要是能当普通眼镜用就好了，沉浸式VR体验
【横评】AI眼镜是玩具还是真未来？一个月真实体验告诉你,袅侧花醉里,未知,能看小说吗
【横评】AI眼镜是玩具还是真未来？一个月真实体验告诉你,Pop-可达鸭,未知,希望出一种能够盲人可以用的ar眼睛
【横评】AI眼镜是玩具还是真未来？一个月真实体验告诉你,氪不改命玄能救非,未知,上次在线下体验了一次ai眼镜，还好旁边有销售介绍，不然我还真不知道咋用
【横评】AI眼镜是玩具还是真未来？一个月真实体验告诉你,毛利小派蒙,未知,这个眼镜能不能用来玩点好玩的
【横评】AI眼镜是玩具还是真未来？一个月真实体验告诉你,愈爱愈爱,未知,想知道下小米那个如果放歌可以续航多长时间
【横评】AI眼镜是玩具还是真未来？一个月真实体验告诉你,在下阪本.,未知,鲁奇3000多块，和其他两款差了1000多，能不好吗
【横评】AI眼镜是玩具还是真未来？一个月真实体验告诉你,桃沢千絵,未知,看完上次的直播感觉用不了多久就可以用上了[捂眼]
【横评】AI眼镜是玩具还是真未来？一个月真实体验告诉你,傲娇の科学狂人,未知,听歌声音是外放的吗
【横评】AI眼镜是玩具还是真未来？一个月真实体验告诉你,节奏小白灬,未知,这个是怕偷拍吗[doge]
【横评】AI眼镜是玩具还是真未来？一个月真实体验告诉你,改个好中奖的名字,未知,小米好像个个科技产品都要插一脚[笑哭][笑哭]，样样通，样样能用，想要个rokid的眼镜盒[星星眼][星星眼]，折叠设计挺好，皮革材质的雷鸣更商务和更有心意[打call][打call]
【横评】AI眼镜是玩具还是真未来？一个月真实体验告诉你,杨狗蛋a,未知,听歌的时候眼前能出现歌词就够了
【横评】AI眼镜是玩具还是真未来？一个月真实体验告诉你,shmle,未知,现在ai眼镜是越来越小了
【横评】AI眼镜是玩具还是真未来？一个月真实体验告诉你,九州过客,未知,平时运动打球一直戴着眼镜，担心AI眼镜的使用寿命估计不长。
【横评】AI眼镜是玩具还是真未来？一个月真实体验告诉你,捻旧森,未知,ai眼镜，越来越智能了[doge_金箍]
【横评】AI眼镜是玩具还是真未来？一个月真实体验告诉你,Kimberlly_,未知,其实一直想有个ai眼镜，感觉在大学应该就考试就不用担心了[doge_金箍]
【横评】AI眼镜是玩具还是真未来？一个月真实体验告诉你,好时机j,未知,感觉ai眼镜未来能人手一个，直接在自己面前投屏，就像是个小投影仪➕处理信息的功能
【横评】AI眼镜是玩具还是真未来？一个月真实体验告诉你,阿潜潜潜潜潜潜,未知,"感觉会是未来发展趋势,但目前感觉不太成熟"
【横评】AI眼镜是玩具还是真未来？一个月真实体验告诉你,想吃水煮鸡,未知,未来确实是未来不过以目前的体验和价格来说依然是富哥的玩具
【横评】AI眼镜是玩具还是真未来？一个月真实体验告诉你,拱极星y,未知,近视眼也直接带？
【横评】AI眼镜是玩具还是真未来？一个月真实体验告诉你,lanranr,未知,是不是镜片可以配度数
【横评】AI眼镜是玩具还是真未来？一个月真实体验告诉你,祭梦听风雨,未知,因为在小城市上班，然后又只有单休，一直想去实体店体验一下，这次国庆出去玩我也要去体验一把！
【横评】AI眼镜是玩具还是真未来？一个月真实体验告诉你,蜜罐2012,未知,这种眼镜带起来会重吗
【横评】AI眼镜是玩具还是真未来？一个月真实体验告诉你,钢铁仓鼠酱,未知,我对ai眼镜的功能只停留在翻译，不过拿来提升气质到也不错[抠鼻]
【横评】AI眼镜是玩具还是真未来？一个月真实体验告诉你,猛男土豆,未知,要是有其他款式就好了
【横评】AI眼镜是玩具还是真未来？一个月真实体验告诉你,春天aaaaaa,未知,重量咋样长时间佩戴舒适度咋样
【横评】AI眼镜是玩具还是真未来？一个月真实体验告诉你,维持正义,未知,平常近视戴眼镜 现在AR眼镜感觉挺好的 高级感
【横评】AI眼镜是玩具还是真未来？一个月真实体验告诉你,川味羊羊酱,未知,如果能改善视力的话真的很不错了
【横评】AI眼镜是玩具还是真未来？一个月真实体验告诉你,迪莫爱分享,未知,ai眼镜线下基本都没看到有人带过[微笑]
【横评】AI眼镜是玩具还是真未来？一个月真实体验告诉你,九玖ing,未知,有其他外观就好了，这个感觉有点普通
【横评】AI眼镜是玩具还是真未来？一个月真实体验告诉你,喜欢橘子汽水的pig,未知,现在东西真的是太智能了，连眼镜都有AI[呲牙][呲牙][呲牙]
【横评】AI眼镜是玩具还是真未来？一个月真实体验告诉你,零食杂货铺1,未知,对于这种AI眼镜，对于我来讲好像没啥吸引力啊，可能是我平时也不喜欢拍照，记录vlog这些。
【横评】AI眼镜是玩具还是真未来？一个月真实体验告诉你,SKTNNCE,未知,小说里的未来世界越来越近了
【横评】AI眼镜是玩具还是真未来？一个月真实体验告诉你,生存还是死亡这是一个问题,未知,好大如果眼镜腿更细一点就好了[星星眼]
【横评】AI眼镜是玩具还是真未来？一个月真实体验告诉你,以蓝y,未知,我死之前能玩上刀剑吗[doge_金箍]
【横评】AI眼镜是玩具还是真未来？一个月真实体验告诉你,绢旗cola,未知,有没有“战力探测”功能[嗑瓜子]
【横评】AI眼镜是玩具还是真未来？一个月真实体验告诉你,清蒸江瑶柱_,未知,woc好高级 看着跟普通眼镜一样
【横评】AI眼镜是玩具还是真未来？一个月真实体验告诉你,夜鲨光狐兮,未知,近视眼的话是不是可以在ai眼镜上面增加度数啊，那样既可以用ai眼镜又可以当近视眼镜[doge][doge][doge]
【横评】AI眼镜是玩具还是真未来？一个月真实体验告诉你,_猪猪微笑,未知,目前来看还是富人的玩具，找个体验店体验一下就可以了买真没必要
【横评】AI眼镜是玩具还是真未来？一个月真实体验告诉你,橘子湫-,未知,现在ai越来越普及了 连ai眼镜都有了
【横评】AI眼镜是玩具还是真未来？一个月真实体验告诉你,嘉加嘉加嘉加嘉,未知,虽然但是 我感觉还是玩具
【横评】AI眼镜是玩具还是真未来？一个月真实体验告诉你,大修卡首领门矢士,未知,ai眼镜上的功能无论在拍照还是办公方面都会很方便。只是这个样子看着跟普通眼镜比差距也很大，不然就能买个在上班的时候摸鱼用了[doge][doge]
【横评】AI眼镜是玩具还是真未来？一个月真实体验告诉你,朝气辞了少年,未知,之前就关注过ai眼镜，乐奇这个眼镜博主用很舒服啊，稿子直接戴着就能看完，直接念不卡壳[吃瓜]
【横评】AI眼镜是玩具还是真未来？一个月真实体验告诉你,羽汐吖吖,未知,感觉很棒，就是不知道戴久了鼻子会疼吗[doge]
【横评】AI眼镜是玩具还是真未来？一个月真实体验告诉你,君者王也,未知,眼睛都能充电了，科技越来越洋气了
【横评】AI眼镜是玩具还是真未来？一个月真实体验告诉你,-inits-,未知,那ai眼镜后期是不是会推出更多的款式哈哈
【横评】AI眼镜是玩具还是真未来？一个月真实体验告诉你,白小纯逆天而行,未知,价格能和普通眼镜一样那就真的是未来了[吃瓜]
【横评】AI眼镜是玩具还是真未来？一个月真实体验告诉你,习惯就好i3,未知,没用过ai眼镜，想体验一下[doge]
【横评】AI眼镜是玩具还是真未来？一个月真实体验告诉你,荷兰进口小香猪w,未知,眼镜都AI了……现在真的离不开AI啊。雷朋的好好看
【横评】AI眼镜是玩具还是真未来？一个月真实体验告诉你,去繁除冗,未知,我是真好奇ai眼镜戴着是啥感觉，观看镜框就感觉好厚重
【横评】AI眼镜是玩具还是真未来？一个月真实体验告诉你,柚子果果子,未知,我考英语的时候能戴吗 之前没查过眼镜
【横评】AI眼镜是玩具还是真未来？一个月真实体验告诉你,记得带接送卡,未知,ai眼镜能当运动相机这一点就非常吸引我了，我不想再头上绑摄像头了[doge][doge][doge]
【横评】AI眼镜是玩具还是真未来？一个月真实体验告诉你,等会才能睡,未知,我感觉ai眼镜以后肯定会更大的发展，毕竟现在近视的越来越多，两个一结合正好[doge][doge][doge]
【横评】AI眼镜是玩具还是真未来？一个月真实体验告诉你,_比企谷雪乃,未知,戴久了对眼睛不好吧，而且感觉很有分量，对于我这种鼻梁低的估计会很累[大哭][大哭]
【横评】AI眼镜是玩具还是真未来？一个月真实体验告诉你,决眦无睚,未知,提词器功能倒是可以解决很多自媒体问题，乐奇加导航功能还是有意思的
【横评】AI眼镜是玩具还是真未来？一个月真实体验告诉你,xi冰乐,未知,ai眼镜这么卷了吗[笑哭]
【横评】AI眼镜是玩具还是真未来？一个月真实体验告诉你,哈哈啊有,未知,早点出来ai眼镜我也不至于大学挂科了[doge_金箍]
【横评】AI眼镜是玩具还是真未来？一个月真实体验告诉你,奔跑的短小哥,未知,京东的评论和店铺评分好像都不错[doge]
【横评】AI眼镜是玩具还是真未来？一个月真实体验告诉你,树懒yaa,未知,AI眼镜现在对近视的是不是还不是很友好
【横评】AI眼镜是玩具还是真未来？一个月真实体验告诉你,蒙德城的正e人,未知,VR好像是南昌那边发展比较领先吧[doge]
【横评】AI眼镜是玩具还是真未来？一个月真实体验告诉你,忧郁的_咸鱼,未知,近视的带着应该会很重，近视的镜片都很重
【横评】AI眼镜是玩具还是真未来？一个月真实体验告诉你,北明黎空,未知,感觉这个肯定是未来的发展趋势之一[doge]
【横评】AI眼镜是玩具还是真未来？一个月真实体验告诉你,ldhbb,未知,rokid 我有熬 铰链也是有余量的
【横评】AI眼镜是玩具还是真未来？一个月真实体验告诉你,星-草莓,未知,就冲ai眼镜的翻译功能都得试试
【横评】AI眼镜是玩具还是真未来？一个月真实体验告诉你,不善言辞magic,未知,这个黑边眼镜款式有点老气，能换的轻点吗，感觉会压耳朵
【横评】AI眼镜是玩具还是真未来？一个月真实体验告诉你,多于市人之言语,未知,ai眼镜在一些场合很方便的。只是不能像手机一样，所以人都需要。
【横评】AI眼镜是玩具还是真未来？一个月真实体验告诉你,此皆无,未知,希望功能多合一，但是价格不要多合一[笑哭]
【横评】AI眼镜是玩具还是真未来？一个月真实体验告诉你,-烤鸭脖,未知,在等等，等到像现在手机一样方便到时候可能就真进入未来了
【横评】AI眼镜是玩具还是真未来？一个月真实体验告诉你,呵呵呵苏苏,未知,现在ai眼镜的续航怎么样了？
【横评】AI眼镜是玩具还是真未来？一个月真实体验告诉你,RS-Nicho,未知,最新的meta connect没有啊...30号首发 能评不？
【横评】AI眼镜是玩具还是真未来？一个月真实体验告诉你,牢鼬子,未知,ai眼镜都出了，ai隐形眼镜大约什么时候能出，我迫不及待了[doge][doge]
【横评】AI眼镜是玩具还是真未来？一个月真实体验告诉你,中中中大奖吧,未知,ar眼睛还得再发展几年吧，现在只适合尝个鲜
【横评】AI眼镜是玩具还是真未来？一个月真实体验告诉你,草莓冰面包好吃,未知,AI眼镜价格下调了就能推广得更广泛了
【横评】AI眼镜是玩具还是真未来？一个月真实体验告诉你,黑灵神,未知,在续航翻几倍之前都是玩具，不实用
【横评】AI眼镜是玩具还是真未来？一个月真实体验告诉你,看月光吻海波,未知,近视带ai眼睛看的清吗
【横评】AI眼镜是玩具还是真未来？一个月真实体验告诉你,青丘小酒_,未知,眼镜的体积限制了一切[笑哭]
【横评】AI眼镜是玩具还是真未来？一个月真实体验告诉你,泡沫箱里的伤三岁,未知,整个发光功能还时不时变成柯南
【横评】AI眼镜是玩具还是真未来？一个月真实体验告诉你,Sweet蓝影,未知,期待能用这个玩游戏王的时候，平时带这个出行对鼻梁还是有点压力
【横评】AI眼镜是玩具还是真未来？一个月真实体验告诉你,柳州市热心市民,未知,感觉以后确实能成为生态的一部分，就是续航功能重量的平衡非常难
【横评】AI眼镜是玩具还是真未来？一个月真实体验告诉你,猪哥不是朱哥,未知,这我真喜欢，能不能抽一个
【横评】AI眼镜是玩具还是真未来？一个月真实体验告诉你,杜犁,未知,波导片自带近视功能才行
【横评】AI眼镜是玩具还是真未来？一个月真实体验告诉你,张白白就是我,未知,我需要的智能眼镜，是能够听从我的指令搜淘宝同款。经常在路上遇到别人东西好看好用，不好意思问，又不好意思拍照[喜极而泣]
【横评】AI眼镜是玩具还是真未来？一个月真实体验告诉你,坤坤的中分头_,未知,还是眼镜盒有充电功能比较舒服啊[doge]
【横评】AI眼镜是玩具还是真未来？一个月真实体验告诉你,JORDAN_POOLE,未知,如果续航上得去而且安全那就有未来
【横评】AI眼镜是玩具还是真未来？一个月真实体验告诉你,-Hyaline-,未知,我怎么感觉还是玩具呢？或者说AI本身就是玩具？
【横评】AI眼镜是玩具还是真未来？一个月真实体验告诉你,渡过三家四,未知,外观做到和普通眼镜差不多了，发展的真迅速[吃瓜]
【横评】AI眼镜是玩具还是真未来？一个月真实体验告诉你,海风拂过的灯塔,未知,既然是AI眼镜，偷拍会不会泛滥[吃瓜]
【横评】AI眼镜是玩具还是真未来？一个月真实体验告诉你,音绫,未知,外观不是很合审美
【横评】AI眼镜是玩具还是真未来？一个月真实体验告诉你,电车难题Official,未知,我想起来了Microsoft HoloLens
【横评】AI眼镜是玩具还是真未来？一个月真实体验告诉你,取铭籽灏䶲,未知,如果能接入脑机就很厉害了
【横评】AI眼镜是玩具还是真未来？一个月真实体验告诉你,飞快De小蜗牛,未知,我觉得这眼镜还是挺实用的
【横评】AI眼镜是玩具还是真未来？一个月真实体验告诉你,易安原,未知,插头充电有点没绷住，刚开始一直以为会弄个磁吸的[笑哭]
【横评】AI眼镜是玩具还是真未来？一个月真实体验告诉你,白心火龙果果,未知,"开放耳机 鸡肋
录音笔  凑合
运动相机 鸡肋（偷拍爱好者例外）"
【横评】AI眼镜是玩具还是真未来？一个月真实体验告诉你,莉勾-巴利尔,未知,总感觉这种玩意容易坏
【横评】AI眼镜是玩具还是真未来？一个月真实体验告诉你,GNU_PHP,未知,可以不用偷拍了 明拍
【横评】AI眼镜是玩具还是真未来？一个月真实体验告诉你,虚度无意,未知,小米价格很到位，功能如果不追求牌子买rokid绝逼比雷朋值了，大家不要崇洋媚外了！
【横评】AI眼镜是玩具还是真未来？一个月真实体验告诉你,冰做的魔王,未知,期待后面给AI眼镜出个眼镜投影[doge]
【横评】AI眼镜是玩具还是真未来？一个月真实体验告诉你,黑炭不是只猫猫,未知,镜片有度数吗[藏狐]
【横评】AI眼镜是玩具还是真未来？一个月真实体验告诉你,悠哉梵,未知,弱弱的问一句会不会对眼睛不友好啊[笑哭]
【横评】AI眼镜是玩具还是真未来？一个月真实体验告诉你,一无所长王香菜,未知,不录vlog一般用不上啊
【横评】AI眼镜是玩具还是真未来？一个月真实体验告诉你,一只小狮叽QwQ,未知,我朋友有一个划入的 他说音响那块不太行，会漏音
【横评】AI眼镜是玩具还是真未来？一个月真实体验告诉你,一般玩家12,未知,ai不大进步终究是玩具，除非进化到科幻片一样
【横评】AI眼镜是玩具还是真未来？一个月真实体验告诉你,MVP小杜杜,未知,近视眼觉得戴起来还是有点膈应
【横评】AI眼镜是玩具还是真未来？一个月真实体验告诉你,日本还在排核污染水,未知,ai眼镜自动美颜[doge]
【横评】AI眼镜是玩具还是真未来？一个月真实体验告诉你,xslwin,未知,高考可以戴吗
【横评】AI眼镜是玩具还是真未来？一个月真实体验告诉你,imllllll,未知,感谢分享！这次横评分析了AI眼镜的实用性，非常全面。期待技术进步让AI眼镜更加实用！😊
【横评】AI眼镜是玩具还是真未来？一个月真实体验告诉你,青路鸣,未知,什么时候能透视看麻将[doge]
【横评】AI眼镜是玩具还是真未来？一个月真实体验告诉你,高端的昵称的昵称,未知,[思考][思考]
【横评】AI眼镜是玩具还是真未来？一个月真实体验告诉你,灵初残影,未知,对于我这种近视加散光的，还得多做几年
【横评】AI眼镜是玩具还是真未来？一个月真实体验告诉你,虚度无意,未知,小米是横屏！
【横评】AI眼镜是玩具还是真未来？一个月真实体验告诉你,蒸牛蛙wa,未知,续航和体积还可以继续提升
【横评】AI眼镜是玩具还是真未来？一个月真实体验告诉你,陌殊途左沐,未知,这仨都不是一个价位的咋对比，小米和meta基本保持一致价位，乐奇甩他们1k，没法比，毕竟多了块屏幕
【横评】AI眼镜是玩具还是真未来？一个月真实体验告诉你,彳亍泾,未知,近视党的福音，以后配眼镜更舒服了，功能更多[吃瓜]
【横评】AI眼镜是玩具还是真未来？一个月真实体验告诉你,灰度适中,未知,"感谢UP主老师的分享，感觉AI眼镜未来能更好地保护我们的人身安全。
最近在了解911北京于姓公民坠楼案，对安全问题感觉很失望和焦虑。
如果未来AI眼镜能够普及，相信在帮助我们更好地和世界交互的同时，也能更多地威慑黑暗和罪恶，更好地保护我们自身和周围环境的安全。"
【横评】AI眼镜是玩具还是真未来？一个月真实体验告诉你,谎言雪上加霜,未知,现在各家都开始搞ai眼镜了[吃瓜]
【横评】AI眼镜是玩具还是真未来？一个月真实体验告诉你,只懂皮毛的羽生,未知,没电了是不是就是近视眼镜了[吃瓜][吃瓜]
【横评】AI眼镜是玩具还是真未来？一个月真实体验告诉你,叫我芒果姐姐,未知,这种可以耶，不会想AR眼镜那个那么重，不累
【横评】AI眼镜是玩具还是真未来？一个月真实体验告诉你,天还黑的吗,未知,能不能ai一个于朦胧呀，真的好喜欢他
【横评】AI眼镜是玩具还是真未来？一个月真实体验告诉你,梦悻时分,未知,全塑料吗，重不重[抠鼻]
【横评】AI眼镜是玩具还是真未来？一个月真实体验告诉你,没有硬币陆小陆,未知,这个眼镜👓如果可以脱离电脑检测直接透视游戏，绝对卖爆[doge]
【横评】AI眼镜是玩具还是真未来？一个月真实体验告诉你,-千灯愿-,未知,题词器和显示翻译功能很不错，不过会被别人看到眼镜上的文字吗
【横评】AI眼镜是玩具还是真未来？一个月真实体验告诉你,Kevin_yepp,未知,感觉这款眼镜在画质，以及光线适应性方面还是有待提升，希望小米越做越好咯[doge][doge]
【横评】AI眼镜是玩具还是真未来？一个月真实体验告诉你,虚度无意,未知,读稿有点扯，读稿需要上镜，上镜眼睛上的文字会被观众看到，难道还有其他场景？
【横评】AI眼镜是玩具还是真未来？一个月真实体验告诉你,艾-倾,未知,电子防抖效果到底怎么样啊？实际走路，画面会不会晃得厉害？要是拍出来的抖得没法看，那这相机功能不就白搭了？
【横评】AI眼镜是玩具还是真未来？一个月真实体验告诉你,一只豿疍呀,未知,还没看，感觉是若琪商单
【横评】AI眼镜是玩具还是真未来？一个月真实体验告诉你,伴条鱼的青春回忆,未知,雷鸟老板都说了，再两年[doge] 我相信这里面有吹牛的成分
【横评】AI眼镜是玩具还是真未来？一个月真实体验告诉你,小狗子嘚嘚传奇,未知,现在这录制画面真的不行，还是底太小了
【横评】AI眼镜是玩具还是真未来？一个月真实体验告诉你,蒲萤玖依持,未知,"我们就近期发生的北京市朝阳区阳光上东小区某公民坠楼事件，请有关部门依法公开详细的调查过程及结论，并尽快发布正式的执法通告!
作为关注此事的公众，我们坚信有关部门在事件处理过程中始终秉持依法、客观、公正的原则。但鉴于该事件引起较多社会关注和部分网民的疑问，我们希望进一步公开相关信息，包括但不限于调查程序、证据提取、证人询问、技术鉴定结论及法律依据等，以全面回应公众关切!
执法透明和调查合规不仅是法律的基本要求，也是维护公信力、保障公众知情权的重要途径。我们支持依法开展的各项工作，同时也期待通过官方清晰、详实的通报，消除不必要的猜疑，进一步凝聚社会共识!"
【横评】AI眼镜是玩具还是真未来？一个月真实体验告诉你,爱囚黄昏恋,未知,这玩意就是为了看黄片，如果不是，那没用了
【横评】AI眼镜是玩具还是真未来？一个月真实体验告诉你,仰望星辰的蝼蚁,未知,明天加一手歌尔做中线。有sb可能说指数牛成啥了，我今天才5个点就是菜鸡……好好看看涨跌分布……
