ISO code,Country and areas,Note,Indicator,Measure,Estimate,2000,2001,2002,2003,2004,2005,2006,2007,2008,2009,2010,2011,2012,2013,2014,2015,2016,2017,2018,2019,2020 1
AFG,Afghanistan,,Malnutrition,Numbers Affected ('000s),Point Estimate,2275.7,2354.8,2422.7,2484.1,2531.3,2554.4,2580.0,2579.3,2562.4,2534.7,2507.4,2466.3,2417.3,2363.2,2307.7,2260.4,2203.5,2148.1,2096.6,2045.2,1988.8
ALB,Albania,,Malnutrition,Numbers Affected ('000s),Point Estimate,83.0,80.4,76.6,71.9,66.3,60.4,54.4,48.5,43.3,38.8,35.2,32.3,29.9,28.0,26.2,24.5,23.5,21.9,19.7,17.6,15.9
DZA,Algeria,,Malnutrition,Numbers Affected ('000s),Point Estimate,680.7,628.1,589.5,562.5,544.6,531.1,523.4,521.8,524.0,527.5,529.3,540.4,540.2,532.9,523.8,516.6,505.8,494.7,488.6,479.5,466.8
AND,Andorra,,Malnutrition,Numbers Affected ('000s),Point Estimate,-,-,-,-,-,-,-,-,-,-,-,-,-,-,-,-,-,-,-,-,-
AGO,Angola,,Malnutrition,Numbers Affected ('000s),Point Estimate,1474.5,1440.5,1401.4,1364.1,1333.5,1315.7,1313.6,1322.4,1342.7,1379.5,1426.5,1488.4,1554.8,1626.2,1700.3,1784.4,1872.8,1960.6,2043.2,2119.6,2186.7
AIA,Anguilla,,Malnutrition,Numbers Affected ('000s),Point Estimate,-,-,-,-,-,-,-,-,-,-,-,-,-,-,-,-,-,-,-,-,-
ATG,Antigua and Barbuda,,Malnutrition,Numbers Affected ('000s),Point Estimate,-,-,-,-,-,-,-,-,-,-,-,-,-,-,-,-,-,-,-,-,-
ARG,Argentina,,Malnutrition,Numbers Affected ('000s),Point Estimate,368.2,358.3,348.9,341.7,334.2,320.3,311.3,305.5,299.6,293.5,289.8,285.4,284.7,286.8,289.8,288.9,290.0,288.9,288.4,288.8,289.8
ARM,Armenia,,Malnutrition,Numbers Affected ('000s),Point Estimate,34.8,34.2,34.4,35.1,35.8,36.0,36.8,35.9,34.3,32.7,31.5,30.3,29.2,28.1,26.9,25.7,23.9,22.5,21.2,19.9,18.7
AUS,Australia,,Malnutrition,Numbers Affected ('000s),Point Estimate,16.4,16.9,17.5,18.3,19.3,20.6,22.1,24.0,25.8,27.5,29.0,30.6,31.7,32.1,32.5,33.0,33.2,33.7,34.3,34.8,35.3
AUT,Austria,,Malnutrition,Numbers Affected ('000s),Point Estimate,-,-,-,-,-,-,-,-,-,-,-,-,-,-,-,-,-,-,-,-,-
AZE,Azerbaijan,,Malnutrition,Numbers Affected ('000s),Point Estimate,173.4,164.1,158.4,154.9,152.3,148.5,146.1,141.0,135.5,131.4,129.5,130.3,132.9,136.7,140.1,142.4,145.9,145.6,142.6,138.3,134.4
BHS,Bahamas,,Malnutrition,Numbers Affected ('000s),Point Estimate,-,-,-,-,-,-,-,-,-,-,-,-,-,-,-,-,-,-,-,-,-
BHR,Bahrain,2,Malnutrition,Numbers Affected ('000s),Point Estimate,8.1,7.7,7.4,7.2,7.0,6.9,6.6,6.5,6.4,6.4,6.2,6.3,6.3,6.2,6.1,6.1,6.0,5.9,5.8,5.6,5.5
BGD,Bangladesh,,Malnutrition,Numbers Affected ('000s),Point Estimate,9123.8,8867.4,8576.1,8261.0,7933.2,7603.4,7310.7,7000.7,6692.8,6406.5,6152.3,5901.8,5695.4,5514.2,5320.5,5148.5,4992.5,4823.6,4640.6,4471.2,4321.4
BRB,Barbados,,Malnutrition,Numbers Affected ('000s),Point Estimate,1.5,1.5,1.5,1.5,1.5,1.4,1.4,1.5,1.4,1.4,1.4,1.3,1.3,1.2,1.2,1.1,1.1,1.0,1.0,1.0,1.0
BLR,Belarus,,Malnutrition,Numbers Affected ('000s),Point Estimate,22.6,21.8,21.0,21.0,20.4,20.3,20.6,21.0,20.5,20.6,20.8,21.4,21.8,22.1,22.3,22.4,22.6,22.4,22.0,21.6,21.3
BEL,Belgium,,Malnutrition,Numbers Affected ('000s),Point Estimate,22.9,22.1,21.3,20.7,20.2,19.7,19.3,18.9,18.5,18.1,17.8,17.6,17.2,16.8,16.5,16.1,15.7,15.4,15.2,15.0,14.7
BLZ,Belize,,Malnutrition,Numbers Affected ('000s),Point Estimate,9.4,9.4,9.4,9.2,9.0,8.7,8.4,8.0,7.7,7.5,7.2,6.8,6.6,6.4,6.2,6.0,5.9,5.7,5.6,5.4,5.3
BEN,Benin,,Malnutrition,Numbers Affected ('000s),Point Estimate,449.7,455.8,463.5,473.3,485.5,497.3,509.9,520.2,528.3,533.6,538.8,545.8,552.7,559.8,567.8,577.1,584.4,592.0,596.8,598.7,598.0
BTN,Bhutan,,Malnutrition,Numbers Affected ('000s),Point Estimate,36.1,34.7,33.3,31.9,30.4,28.8,27.4,26.0,24.6,23.3,22.1,20.9,19.6,18.4,17.3,16.5,15.7,15.2,14.9,14.6,14.3
BOL,Bolivia (Plurinational State of),,Malnutrition,Numbers Affected ('000s),Point Estimate,385.5,381.0,374.8,366.8,356.1,342.8,328.3,311.9,295.1,280.0,266.7,253.7,241.9,230.5,218.7,205.9,193.5,180.7,169.5,159.1,150.5
BIH,Bosnia and Herzegovina,,Malnutrition,Numbers Affected ('000s),Point Estimate,29.9,28.2,25.8,23.2,20.9,19.3,17.8,17.2,17.2,17.2,16.9,17.3,17.0,16.3,15.6,15.1,13.9,13.3,12.9,12.6,12.1
BWA,Botswana,,Malnutrition,Numbers Affected ('000s),Point Estimate,68.3,67.6,67.4,67.4,67.8,67.6,67.7,68.0,67.3,66.3,65.5,64.7,63.2,62.8,62.6,63.1,63.7,64.2,63.9,63.1,61.9
BRA,Brazil,,Malnutrition,Numbers Affected ('000s),Point Estimate,1710.8,1589.3,1475.2,1375.1,1290.3,1222.3,1157.1,1103.4,1058.8,1020.6,984.2,950.6,926.0,907.7,895.1,887.5,892.2,896.4,895.6,889.9,882.6
VGB,British Virgin Islands,,Malnutrition,Numbers Affected ('000s),Point Estimate,-,-,-,-,-,-,-,-,-,-,-,-,-,-,-,-,-,-,-,-,-
BRN,Brunei Darussalam,,Malnutrition,Numbers Affected ('000s),Point Estimate,7.3,7.2,7.1,7.0,6.9,6.7,6.6,6.3,6.1,5.9,5.8,5.6,5.6,5.6,5.6,5.4,5.3,5.1,4.7,4.3,4.0
BGR,Bulgaria,,Malnutrition,Numbers Affected ('000s),Point Estimate,32.2,30.8,30.2,30.1,30.1,30.0,30.9,31.0,31.1,30.5,29.5,29.0,28.0,26.5,25.2,24.1,22.4,21.6,21.2,20.7,20.1
BFA,Burkina Faso,,Malnutrition,Numbers Affected ('000s),Point Estimate,901.4,937.5,969.5,997.5,1022.0,1043.5,1063.2,1072.8,1073.7,1068.0,1055.3,1037.8,1011.0,981.1,951.1,927.5,910.9,900.2,893.4,888.7,885.9
BDI,Burundi,,Malnutrition,Numbers Affected ('000s),Point Estimate,720.5,720.7,729.3,745.2,766.2,789.4,816.0,839.3,860.6,881.9,905.6,937.7,967.4,994.4,1020.0,1046.0,1073.7,1100.4,1127.6,1155.0,1183.9
CPV,Cabo Verde,2,Malnutrition,Numbers Affected ('000s),Point Estimate,10.6,9.8,9.2,8.7,8.4,8.2,8.1,7.8,7.5,7.2,6.9,6.6,6.4,6.2,6.1,5.9,5.8,5.7,5.4,5.2,5.0
KHM,Cambodia,,Malnutrition,Numbers Affected ('000s),Point Estimate,804.5,766.6,738.4,717.9,701.6,686.2,679.9,671.2,658.1,642.7,626.5,619.7,602.5,580.2,562.9,551.7,541.5,536.9,535.4,534.5,532.6
CMR,Cameroon,,Malnutrition,Numbers Affected ('000s),Point Estimate,989.0,1016.2,1042.4,1067.1,1089.9,1110.1,1131.6,1144.6,1151.9,1156.6,1163.1,1172.3,1177.1,1179.9,1180.8,1179.1,1173.2,1164.3,1157.4,1139.4,1119.2
CAN,Canada,,Malnutrition,Numbers Affected ('000s),Point Estimate,-,-,-,-,-,-,-,-,-,-,-,-,-,-,-,-,-,-,-,-,-
CAF,Central African Republic,,Malnutrition,Numbers Affected ('000s),Point Estimate,266.3,275.0,281.5,286.8,290.9,294.9,299.9,303.5,306.0,307.2,306.0,307.6,306.2,306.0,305.2,304.7,302.9,301.0,298.4,296.4,295.8
TCD,Chad,,Malnutrition,Numbers Affected ('000s),Point Estimate,717.2,744.3,770.8,796.3,818.9,839.4,861.7,879.6,894.4,908.2,921.5,936.6,950.0,965.1,975.1,984.3,995.0,1004.2,1012.1,1019.2,1026.6
CHL,Chile,,Malnutrition,Numbers Affected ('000s),Point Estimate,38.5,35.0,32.2,30.0,28.4,27.3,26.4,25.8,25.3,24.8,24.2,23.9,23.5,23.1,22.6,21.8,21.1,20.4,19.6,18.9,18.3
CHN,China,,Malnutrition,Numbers Affected ('000s),Point Estimate,17785.4,16938.4,15398.5,13578.2,11957.7,10804.5,9838.9,9105.3,8530.2,7983.1,7374.1,6835.5,6370.6,5942.5,5556.0,5307.4,5088.6,4768.4,4464.2,4184.6,3920.8
COL,Colombia,,Malnutrition,Numbers Affected ('000s),Point Estimate,760.6,734.6,715.4,696.4,674.4,646.8,619.7,588.1,557.0,530.2,510.2,490.8,477.6,468.8,461.9,455.3,450.5,445.4,440.8,433.6,425.4
COM,Comoros,,Malnutrition,Numbers Affected ('000s),Point Estimate,37.7,37.8,37.7,37.6,37.5,37.5,37.7,37.8,37.7,37.4,37.1,36.6,35.9,35.2,34.5,33.6,32.7,31.5,30.3,29.0,28.0
COG,Congo,,Malnutrition,Numbers Affected ('000s),Point Estimate,186.0,190.3,188.2,185.6,183.7,182.3,181.7,180.8,179.8,178.8,176.1,175.1,173.7,172.0,169.0,167.5,165.3,161.9,157.7,153.1,148.2
COK,Cook Islands,,Malnutrition,Numbers Affected ('000s),Point Estimate,-,-,-,-,-,-,-,-,-,-,-,-,-,-,-,-,-,-,-,-,-
CRI,Costa Rica,,Malnutrition,Numbers Affected ('000s),Point Estimate,30.3,29.1,27.7,26.2,24.8,23.9,23.2,23.1,23.3,23.5,23.8,24.5,25.1,25.6,26.3,26.9,27.6,28.3,29.0,29.5,30.1
HRV,Croatia,,Malnutrition,Numbers Affected ('000s),Point Estimate,-,-,-,-,-,-,-,-,-,-,-,-,-,-,-,-,-,-,-,-,-
CUB,Cuba,,Malnutrition,Numbers Affected ('000s),Point Estimate,53.7,54.8,53.8,52.7,51.2,49.2,46.6,45.6,44.3,43.3,43.3,43.2,43.3,44.1,44.8,45.0,45.3,44.5,42.9,41.3,40.0
CYP,Cyprus,,Malnutrition,Numbers Affected ('000s),Point Estimate,-,-,-,-,-,-,-,-,-,-,-,-,-,-,-,-,-,-,-,-,-
CZE,Czechia,,Malnutrition,Numbers Affected ('000s),Point Estimate,12.1,11.2,11.0,11.3,11.7,12.1,12.9,13.5,13.8,14.0,14.1,14.2,14.1,13.8,13.6,13.5,13.2,13.2,13.6,13.9,14.1
CIV,Côte d'Ivoire,,Malnutrition,Numbers Affected ('000s),Point Estimate,945.8,973.7,997.7,1019.8,1040.1,1058.9,1074.6,1079.7,1074.4,1062.2,1047.3,1037.6,1014.8,990.3,966.4,936.2,895.5,856.6,817.2,774.7,737.2
PRK,Democratic People's Republic of Korea,,Malnutrition,Numbers Affected ('000s),Point Estimate,1080.8,1018.8,947.5,890.7,834.6,770.8,711.6,648.8,587.2,534.3,493.3,455.5,430.0,412.6,398.0,383.3,373.4,360.5,345.4,330.3,317.8
COD,Democratic Republic of the Congo,,Malnutrition,Numbers Affected ('000s),Point Estimate,4143.8,4245.9,4354.0,4460.5,4562.1,4671.8,4798.5,4907.2,5019.6,5150.0,5285.2,5422.5,5547.6,5658.6,5761.8,5879.8,6041.1,6187.0,6297.4,6384.2,6453.5
DNK,Denmark,,Malnutrition,Numbers Affected ('000s),Point Estimate,-,-,-,-,-,-,-,-,-,-,-,-,-,-,-,-,-,-,-,-,-
DJI,Djibouti,,Malnutrition,Numbers Affected ('000s),Point Estimate,30.7,31.3,31.6,31.4,31.0,30.7,30.1,29.4,28.7,28.2,28.2,28.5,29.3,30.6,31.8,32.9,34.1,34.6,34.4,34.0,33.7
DMA,Dominica,,Malnutrition,Numbers Affected ('000s),Point Estimate,-,-,-,-,-,-,-,-,-,-,-,-,-,-,-,-,-,-,-,-,-
DOM,Dominican Republic,,Malnutrition,Numbers Affected ('000s),Point Estimate,106.7,101.4,97.2,94.1,91.5,89.2,87.5,86.3,85.4,84.4,82.8,81.4,79.7,78.1,76.5,74.6,71.9,69.4,66.2,62.8,59.4
ECU,Ecuador,,Malnutrition,Numbers Affected ('000s),Point Estimate,440.9,439.9,439.0,439.1,437.1,435.1,428.6,422.0,413.9,406.4,396.4,387.5,379.4,373.1,372.4,375.4,379.3,384.2,388.6,388.3,385.3
EGY,Egypt,,Malnutrition,Numbers Affected ('000s),Point Estimate,2301.9,2298.3,2272.3,2231.2,2202.9,2203.9,2215.7,2237.6,2259.8,2281.9,2308.7,2340.4,2410.3,2509.6,2618.5,2714.3,2841.9,2892.0,2883.6,2852.2,2829.6
SLV,El Salvador,,Malnutrition,Numbers Affected ('000s),Point Estimate,216.6,202.5,188.2,174.2,161.6,150.1,137.4,127.4,119.6,113.2,107.1,102.5,96.9,90.8,84.6,78.7,74.4,71.6,69.6,67.0,64.7
GNQ,Equatorial Guinea,,Malnutrition,Numbers Affected ('000s),Point Estimate,39.4,39.9,40.3,40.7,41.1,41.5,41.7,42.0,41.8,41.6,41.4,41.3,40.9,41.0,40.9,41.2,41.2,40.9,40.4,40.0,39.3
ERI,Eritrea,,Malnutrition,Numbers Affected ('000s),Point Estimate,154.3,152.5,158.5,170.1,183.3,196.2,216.6,232.8,245.4,254.4,260.2,266.8,267.1,263.3,257.7,253.8,243.2,240.1,241.2,243.1,243.0
EST,Estonia,,Malnutrition,Numbers Affected ('000s),Point Estimate,1.3,1.2,1.1,1.1,1.1,1.1,1.1,1.1,1.1,1.1,1.1,1.0,1.0,1.0,0.9,0.9,0.9,0.8,0.8,0.9,0.9
SWZ,Eswatini,,Malnutrition,Numbers Affected ('000s),Point Estimate,53.8,52.9,52.0,50.9,50.1,49.6,49.7,49.6,49.3,48.5,47.3,46.3,44.6,42.3,40.0,38.3,36.5,35.0,34.3,33.4,32.4
ETH,Ethiopia,,Malnutrition,Numbers Affected ('000s),Point Estimate,7102.3,7155.9,7132.5,7063.8,6968.0,6871.1,6747.8,6629.5,6525.6,6439.3,6370.5,6305.3,6267.6,6246.0,6227.8,6204.3,6197.5,6152.0,6089.8,6012.7,5935.5
FJI,Fiji,,Malnutrition,Numbers Affected ('000s),Point Estimate,5.8,5.9,6.0,6.1,6.4,6.9,7.3,7.6,7.8,7.9,7.6,7.9,7.9,7.8,7.7,7.5,7.1,6.9,6.8,6.7,6.7
FIN,Finland,,Malnutrition,Numbers Affected ('000s),Point Estimate,-,-,-,-,-,-,-,-,-,-,-,-,-,-,-,-,-,-,-,-,-
FRA,France,,Malnutrition,Numbers Affected ('000s),Point Estimate,-,-,-,-,-,-,-,-,-,-,-,-,-,-,-,-,-,-,-,-,-
GAB,Gabon,,Malnutrition,Numbers Affected ('000s),Point Estimate,47.7,48.1,48.4,48.4,48.1,47.5,47.1,45.9,44.8,44.1,44.0,43.3,43.6,44.2,44.9,45.1,46.0,46.5,47.0,46.7,46.1
GMB,Gambia,,Malnutrition,Numbers Affected ('000s),Point Estimate,72.5,72.4,72.5,72.7,73.0,73.5,74.2,74.8,75.2,75.3,75.3,75.7,75.8,75.6,75.2,74.5,73.6,72.1,70.4,67.7,66.0
GEO,Georgia,,Malnutrition,Numbers Affected ('000s),Point Estimate,41.8,40.4,38.6,36.4,34.7,33.2,31.8,30.2,29.0,28.0,26.9,26.5,25.7,24.4,23.0,21.8,20.2,18.8,17.5,16.3,15.2
DEU,Germany,,Malnutrition,Numbers Affected ('000s),Point Estimate,60.5,58.6,56.9,54.8,53.0,51.6,50.0,49.1,48.7,48.7,48.9,49.2,49.6,50.2,51.2,52.8,55.0,57.5,60.2,62.6,64.4
GHA,Ghana,,Malnutrition,Numbers Affected ('000s),Point Estimate,1020.7,1020.9,1015.6,1006.4,995.0,985.3,970.2,953.1,933.4,913.6,889.7,863.2,832.9,802.2,772.1,746.6,721.7,692.0,658.8,624.7,590.4
GRC,Greece,,Malnutrition,Numbers Affected ('000s),Point Estimate,14.3,13.9,13.4,13.0,12.6,12.2,12.0,11.8,11.8,11.8,11.6,11.6,11.3,10.9,10.5,10.1,9.6,9.4,9.2,9.0,8.8
GRD,Grenada,,Malnutrition,Numbers Affected ('000s),Point Estimate,-,-,-,-,-,-,-,-,-,-,-,-,-,-,-,-,-,-,-,-,-
GTM,Guatemala,,Malnutrition,Numbers Affected ('000s),Point Estimate,1019.3,1028.9,1040.4,1052.0,1058.3,1055.4,1048.0,1029.5,1003.5,977.7,956.6,932.5,919.5,914.8,921.9,921.1,924.0,922.5,916.0,896.7,884.7
GIN,Guinea,,Malnutrition,Numbers Affected ('000s),Point Estimate,512.9,528.9,542.2,554.1,566.0,578.1,591.2,600.9,608.2,612.5,615.0,617.5,618.3,619.2,621.4,625.3,626.1,625.0,623.9,621.5,618.2
GNB,Guinea-Bissau,,Malnutrition,Numbers Affected ('000s),Point Estimate,70.5,70.6,70.9,70.9,71.2,72.0,73.2,74.3,75.6,76.7,77.7,78.7,79.6,80.2,81.2,82.3,83.6,84.9,85.6,85.7,85.3
GUY,Guyana,,Malnutrition,Numbers Affected ('000s),Point Estimate,14.4,14.1,14.1,14.2,14.2,14.2,13.9,13.4,12.9,12.3,11.7,11.1,10.5,10.0,9.5,9.0,8.6,8.1,7.6,7.1,6.6
HTI,Haiti,,Malnutrition,Numbers Affected ('000s),Point Estimate,373.6,367.0,360.2,353.5,347.7,342.5,338.1,333.2,328.3,322.4,316.6,310.4,303.3,295.8,290.0,283.0,278.0,273.4,268.8,262.6,257.4
VAT,Holy See,,Malnutrition,Numbers Affected ('000s),Point Estimate,-,-,-,-,-,-,-,-,-,-,-,-,-,-,-,-,-,-,-,-,-
HND,Honduras,,Malnutrition,Numbers Affected ('000s),Point Estimate,395.0,386.1,372.0,355.5,339.0,323.3,306.1,290.8,276.6,263.0,250.1,239.7,231.8,225.7,221.4,218.0,214.6,211.8,209.2,206.0,202.7
HUN,Hungary,,Malnutrition,Numbers Affected ('000s),Point Estimate,-,-,-,-,-,-,-,-,-,-,-,-,-,-,-,-,-,-,-,-,-
ISL,Iceland,,Malnutrition,Numbers Affected ('000s),Point Estimate,-,-,-,-,-,-,-,-,-,-,-,-,-,-,-,-,-,-,-,-,-
IND,India,,Malnutrition,Numbers Affected ('000s),Point Estimate,63673.0,63656.8,63499.5,63207.6,62853.9,62467.6,62069.9,61423.8,60459.1,59006.5,57029.6,54859.9,52260.5,49507.7,46924.4,44643.9,42272.1,40470.6,38945.3,37528.5,36120.1
IDN,Indonesia,,Malnutrition,Numbers Affected ('000s),Point Estimate,8845.1,8747.5,8657.9,8595.3,8558.6,8517.1,8454.4,8406.4,8373.5,8325.4,8279.2,8139.4,8094.2,8077.2,8068.6,8024.6,8068.8,7992.9,7840.4,7668.0,7526.1
IRN,Iran (Islamic Republic of),,Malnutrition,Numbers Affected ('000s),Point Estimate,850.1,745.8,655.0,579.9,521.5,477.7,451.4,427.9,409.5,397.5,392.2,392.2,396.9,404.9,415.5,428.3,439.5,452.0,464.8,474.3,477.4
IRQ,Iraq,,Malnutrition,Numbers Affected ('000s),Point Estimate,1087.6,1103.1,1110.7,1123.1,1119.8,1111.6,1101.9,1088.7,1052.7,1018.0,991.8,952.7,917.2,895.9,880.2,851.5,823.9,782.4,726.8,670.0,625.3
IRL,Ireland,,Malnutrition,Numbers Affected ('000s),Point Estimate,-,-,-,-,-,-,-,-,-,-,-,-,-,-,-,-,-,-,-,-,-
ISR,Israel,,Malnutrition,Numbers Affected ('000s),Point Estimate,-,-,-,-,-,-,-,-,-,-,-,-,-,-,-,-,-,-,-,-,-
ITA,Italy,,Malnutrition,Numbers Affected ('000s),Point Estimate,-,-,-,-,-,-,-,-,-,-,-,-,-,-,-,-,-,-,-,-,-
JAM,Jamaica,,Malnutrition,Numbers Affected ('000s),Point Estimate,21.5,20.1,18.8,17.8,16.8,16.0,15.3,14.8,14.5,14.5,14.7,15.2,15.8,16.4,17.0,17.7,18.4,18.9,19.2,19.4,19.6
JPN,Japan,,Malnutrition,Numbers Affected ('000s),Point Estimate,499.3,494.4,479.7,461.6,443.7,428.8,414.6,404.6,397.2,390.6,382.7,375.5,366.9,356.5,344.6,331.7,318.8,303.9,288.4,273.9,261.8
JOR,Jordan,,Malnutrition,Numbers Affected ('000s),Point Estimate,82.7,81.1,79.8,79.3,78.1,78.7,79.3,80.3,80.6,81.5,82.7,84.3,85.6,87.5,88.9,89.2,89.0,87.5,85.2,81.4,77.3
KAZ,Kazakhstan,,Malnutrition,Numbers Affected ('000s),Point Estimate,195.6,185.4,181.3,181.3,185.6,188.1,191.4,193.8,195.3,194.4,195.4,198.0,197.0,193.0,186.8,178.6,169.3,158.8,148.6,138.4,129.1
KEN,Kenya,,Malnutrition,Numbers Affected ('000s),Point Estimate,2152.0,2232.0,2270.5,2280.5,2282.4,2284.4,2269.9,2247.9,2219.2,2172.4,2105.6,2033.8,1951.0,1865.6,1785.0,1713.1,1639.0,1570.3,1500.8,1432.7,1369.9
KIR,Kiribati,,Malnutrition,Numbers Affected ('000s),Point Estimate,2.4,2.4,2.2,2.1,2.0,2.0,1.8,1.9,2.1,2.2,2.3,2.4,2.4,2.3,2.3,2.3,2.2,2.2,2.3,2.3,2.3
KWT,Kuwait,,Malnutrition,Numbers Affected ('000s),Point Estimate,9.5,9.5,9.4,9.0,8.8,8.9,8.9,9.4,10.4,11.5,12.4,13.6,14.4,15.0,15.5,15.9,16.5,17.0,17.3,17.3,17.3
KGZ,Kyrgyzstan,,Malnutrition,Numbers Affected ('000s),Point Estimate,160.8,149.6,138.4,127.5,118.1,111.7,108.6,106.5,105.6,106.0,107.4,108.7,109.7,109.5,107.9,105.0,103.2,99.4,95.1,90.5,86.7
LAO,Lao People's Democratic Republic,,Malnutrition,Numbers Affected ('000s),Point Estimate,396.0,383.8,374.9,368.9,364.2,360.0,356.5,353.3,349.8,345.0,338.7,333.9,324.1,311.0,297.3,285.3,273.0,263.2,255.4,248.1,240.6
LVA,Latvia,,Malnutrition,Numbers Affected ('000s),Point Estimate,-,-,-,-,-,-,-,-,-,-,-,-,-,-,-,-,-,-,-,-,-
LBN,Lebanon,,Malnutrition,Numbers Affected ('000s),Point Estimate,66.6,66.3,66.8,67.9,70.0,70.7,72.8,70.5,65.5,60.0,58.1,57.0,58.9,63.3,68.2,70.0,70.4,69.3,66.9,62.7,58.6
LSO,Lesotho,,Malnutrition,Numbers Affected ('000s),Point Estimate,113.6,113.1,112.6,112.0,111.2,110.2,109.8,107.8,104.8,101.8,99.1,96.1,92.7,89.0,86.1,83.9,84.1,83.4,83.1,82.1,81.4
LBR,Liberia,,Malnutrition,Numbers Affected ('000s),Point Estimate,218.4,225.2,227.5,227.9,226.5,228.2,230.9,233.5,235.6,238.3,239.1,239.2,237.6,234.6,235.1,231.0,227.0,222.5,218.1,210.2,207.4
LBY,Libya,,Malnutrition,Numbers Affected ('000s),Point Estimate,117.2,117.9,120.4,123.0,126.4,130.6,136.0,142.5,150.6,159.4,167.7,183.7,193.8,204.2,217.4,230.5,239.9,249.4,257.4,262.9,271.5
LIE,Liechtenstein,,Malnutrition,Numbers Affected ('000s),Point Estimate,-,-,-,-,-,-,-,-,-,-,-,-,-,-,-,-,-,-,-,-,-
LTU,Lithuania,,Malnutrition,Numbers Affected ('000s),Point Estimate,-,-,-,-,-,-,-,-,-,-,-,-,-,-,-,-,-,-,-,-,-
LUX,Luxembourg,,Malnutrition,Numbers Affected ('000s),Point Estimate,-,-,-,-,-,-,-,-,-,-,-,-,-,-,-,-,-,-,-,-,-
MDG,Madagascar,,Malnutrition,Numbers Affected ('000s),Point Estimate,1569.8,1598.7,1618.3,1627.1,1631.1,1634.9,1634.7,1639.1,1648.3,1661.9,1673.7,1684.9,1688.3,1685.3,1678.8,1676.4,1673.3,1670.9,1667.5,1660.3,1650.2
MWI,Malawi,,Malnutrition,Numbers Affected ('000s),Point Estimate,1122.3,1150.4,1169.7,1183.2,1194.5,1209.1,1224.6,1235.3,1240.6,1241.1,1232.7,1220.0,1195.7,1165.5,1136.4,1115.0,1097.8,1096.3,1091.2,1086.1,1081.7
MYS,Malaysia,,Malnutrition,Numbers Affected ('000s),Point Estimate,536.3,524.9,510.4,494.8,480.1,466.6,450.8,440.9,437.3,435.4,435.9,437.6,443.6,454.2,467.2,478.9,498.4,515.0,527.9,538.7,549.8
MDV,Maldives,,Malnutrition,Numbers Affected ('000s),Point Estimate,10.7,9.7,8.9,8.2,7.6,7.1,6.7,6.4,6.3,6.2,6.2,6.3,6.2,6.2,6.1,6.0,5.9,5.7,5.5,5.3,5.1
MLI,Mali,,Malnutrition,Numbers Affected ('000s),Point Estimate,826.6,842.4,855.9,868.0,880.5,893.6,910.7,922.7,930.8,937.0,942.3,951.9,956.2,957.1,954.3,951.0,946.6,940.5,935.5,928.2,925.0
MLT,Malta,,Malnutrition,Numbers Affected ('000s),Point Estimate,-,-,-,-,-,-,-,-,-,-,-,-,-,-,-,-,-,-,-,-,-
MHL,Marshall Islands,,Malnutrition,Numbers Affected ('000s),Point Estimate,2.8,2.9,3.0,3.0,3.0,3.0,3.1,3.1,3.1,3.1,3.0,2.9,2.8,2.7,2.7,2.6,2.5,2.4,2.3,2.2,2.2
MRT,Mauritania,,Malnutrition,Numbers Affected ('000s),Point Estimate,174.7,171.4,167.4,163.2,159.5,156.9,154.8,153.5,153.1,153.3,154.1,155.6,157.5,159.7,161.8,163.3,166.0,167.5,168.1,167.7,167.1
MUS,Mauritius,2,Malnutrition,Numbers Affected ('000s),Point Estimate,12.5,11.4,10.8,10.4,10.0,9.6,9.3,8.9,8.4,7.8,7.4,6.9,6.6,6.4,6.2,6.1,6.1,6.0,5.8,5.7,5.6
MEX,Mexico,,Malnutrition,Numbers Affected ('000s),Point Estimate,2326.8,2222.6,2127.2,2038.5,1952.1,1869.2,1797.2,1720.3,1641.9,1570.7,1509.8,1457.3,1423.7,1410.1,1403.5,1396.3,1395.5,1403.9,1379.3,1352.4,1328.3
FSM,Micronesia (Federated States of),,Malnutrition,Numbers Affected ('000s),Point Estimate,-,-,-,-,-,-,-,-,-,-,-,-,-,-,-,-,-,-,-,-,-
MCO,Monaco,,Malnutrition,Numbers Affected ('000s),Point Estimate,-,-,-,-,-,-,-,-,-,-,-,-,-,-,-,-,-,-,-,-,-
MNG,Mongolia,,Malnutrition,Numbers Affected ('000s),Point Estimate,68.7,65.5,61.8,57.8,54.3,51.7,49.4,47.6,46.0,44.6,43.1,41.8,40.8,39.6,38.2,36.7,35.3,32.9,30.8,28.7,26.6
MNE,Montenegro,,Malnutrition,Numbers Affected ('000s),Point Estimate,3.6,3.6,3.5,3.5,3.5,3.4,3.4,3.4,3.4,3.3,3.3,3.3,3.2,3.1,3.0,3.0,2.9,2.9,3.0,3.0,3.0
MSR,Montserrat,,Malnutrition,Numbers Affected ('000s),Point Estimate,-,-,-,-,-,-,-,-,-,-,-,-,-,-,-,-,-,-,-,-,-
MAR,Morocco,,Malnutrition,Numbers Affected ('000s),Point Estimate,773.9,726.0,691.6,663.4,644.0,625.6,614.1,598.0,579.6,563.5,552.7,543.4,538.7,536.1,531.4,521.9,514.0,496.9,474.0,450.4,430.3
MOZ,Mozambique,,Malnutrition,Numbers Affected ('000s),Point Estimate,1597.5,1623.2,1645.7,1667.8,1689.7,1709.5,1734.9,1750.8,1762.0,1776.0,1800.4,1831.8,1864.7,1895.7,1919.4,1932.5,1935.9,1934.8,1935.6,1940.7,1949.8
MMR,Myanmar,,Malnutrition,Numbers Affected ('000s),Point Estimate,2445.9,2397.1,2332.3,2255.7,2172.5,2084.8,2003.0,1908.0,1810.1,1721.0,1644.3,1567.9,1505.9,1453.4,1398.8,1350.0,1301.1,1259.0,1216.8,1175.7,1134.9
NAM,Namibia,,Malnutrition,Numbers Affected ('000s),Point Estimate,80.5,79.7,78.2,76.1,74.3,73.0,72.2,72.5,73.4,74.4,74.6,74.9,74.4,73.1,71.5,69.9,68.0,66.3,64.7,63.3,61.9
NRU,Nauru,,Malnutrition,Numbers Affected ('000s),Point Estimate,0.4,0.4,0.3,0.3,0.3,0.3,0.3,0.3,0.3,0.3,0.3,0.3,0.3,0.3,0.3,0.3,0.2,0.2,0.2,0.2,0.2
NPL,Nepal,,Malnutrition,Numbers Affected ('000s),Point Estimate,2081.6,2022.3,1938.9,1840.6,1741.6,1651.1,1556.7,1482.0,1419.6,1359.3,1295.0,1241.1,1182.1,1122.3,1066.3,1018.4,970.1,925.2,884.2,849.0,821.5
NLD,Netherlands,,Malnutrition,Numbers Affected ('000s),Point Estimate,13.1,13.1,13.4,13.8,14.1,14.3,14.4,14.3,14.1,13.9,13.7,13.4,13.3,13.4,13.5,13.6,13.7,13.7,13.6,13.6,13.6
NZL,New Zealand,,Malnutrition,Numbers Affected ('000s),Point Estimate,-,-,-,-,-,-,-,-,-,-,-,-,-,-,-,-,-,-,-,-,-
NIC,Nicaragua,,Malnutrition,Numbers Affected ('000s),Point Estimate,169.7,161.5,155.3,150.5,146.3,142.2,138.1,134.0,129.9,126.2,122.8,119.7,116.7,113.7,110.7,107.6,103.4,100.4,97.7,95.2,92.9
NER,Niger,,Malnutrition,Numbers Affected ('000s),Point Estimate,1219.9,1277.4,1324.5,1365.4,1405.2,1448.9,1499.8,1546.3,1589.7,1633.4,1685.2,1735.4,1781.1,1822.8,1873.0,1928.5,1990.6,2050.4,2110.4,2172.1,2237.7
NGA,Nigeria,,Malnutrition,Numbers Affected ('000s),Point Estimate,8919.5,9150.5,9351.9,9536.5,9712.8,9893.1,10116.5,10286.3,10439.9,10584.4,10735.0,10898.8,11058.2,11218.3,11371.3,11524.9,11695.0,11822.2,11897.5,11926.4,11995.9
NIU,Niue,,Malnutrition,Numbers Affected ('000s),Point Estimate,-,-,-,-,-,-,-,-,-,-,-,-,-,-,-,-,-,-,-,-,-
MKD,North Macedonia,,Malnutrition,Numbers Affected ('000s),Point Estimate,12.0,11.6,11.4,11.3,11.1,10.8,10.4,9.7,8.9,8.1,7.5,6.9,6.5,6.2,6.0,5.8,5.6,5.4,5.1,4.8,4.6
NOR,Norway,,Malnutrition,Numbers Affected ('000s),Point Estimate,-,-,-,-,-,-,-,-,-,-,-,-,-,-,-,-,-,-,-,-,-
OMN,Oman,,Malnutrition,Numbers Affected ('000s),Point Estimate,42.8,39.3,36.4,34.0,32.3,31.4,30.5,30.1,30.3,31.4,33.2,35.1,37.1,39.5,42.1,44.8,47.7,50.5,52.9,54.4,55.2
PAK,Pakistan,,Malnutrition,Numbers Affected ('000s),Point Estimate,9224.9,9384.9,9539.6,9686.8,9828.1,9969.9,10114.4,10256.8,10397.0,10513.7,10606.3,10695.8,10739.2,10741.5,10728.1,10696.2,10659.5,10589.4,10511.2,10385.1,10251.0
PLW,Palau,,Malnutrition,Numbers Affected ('000s),Point Estimate,-,-,-,-,-,-,-,-,-,-,-,-,-,-,-,-,-,-,-,-,-
PAN,Panama,,Malnutrition,Numbers Affected ('000s),Point Estimate,63.2,64.9,66.8,68.8,71.0,73.1,74.6,75.8,76.5,77.0,76.9,76.4,75.3,73.6,71.6,69.8,67.3,65.1,62.4,59.9,57.3
PNG,Papua New Guinea,,Malnutrition,Numbers Affected ('000s),Point Estimate,371.6,381.9,390.5,398.2,406.6,416.6,425.1,436.1,449.4,461.5,471.4,481.1,487.6,491.5,495.3,500.1,505.8,513.1,521.4,529.2,536.4
PRY,Paraguay,,Malnutrition,Numbers Affected ('000s),Point Estimate,130.1,128.8,126.3,122.5,117.6,111.9,104.7,98.0,91.7,85.4,78.7,72.7,66.5,60.2,54.1,50.0,45.1,41.1,37.9,35.1,32.2
PER,Peru,,Malnutrition,Numbers Affected ('000s),Point Estimate,950.6,923.9,895.9,868.0,840.7,821.8,798.0,774.1,745.1,708.2,655.9,612.1,558.9,504.3,456.7,418.9,376.4,350.7,334.7,321.1,306.9
PHL,Philippines,,Malnutrition,Numbers Affected ('000s),Point Estimate,3841.8,3859.8,3881.0,3899.0,3905.5,3888.3,3839.5,3775.2,3702.6,3640.2,3601.9,3611.4,3619.7,3620.0,3591.8,3571.1,3496.6,3380.9,3302.2,3170.0,3045.3
POL,Poland,,Malnutrition,Numbers Affected ('000s),Point Estimate,68.1,61.3,56.2,52.5,49.9,48.2,47.5,47.8,48.4,48.7,48.4,48.9,47.8,45.8,44.1,43.2,41.6,41.6,42.6,43.5,43.7
PRT,Portugal,,Malnutrition,Numbers Affected ('000s),Point Estimate,26.0,25.8,25.7,25.7,25.5,24.9,24.2,23.2,22.0,20.7,19.6,18.8,17.9,17.1,16.4,15.8,15.1,14.5,14.0,13.5,13.1
QAT,Qatar,2,Malnutrition,Numbers Affected ('000s),Point Estimate,5.2,4.9,4.7,4.6,4.7,5.0,5.0,5.1,5.3,5.6,5.8,6.2,6.6,7.0,7.2,7.2,7.0,6.8,6.6,6.4,6.2
KOR,Republic of Korea,,Malnutrition,Numbers Affected ('000s),Point Estimate,92.3,85.3,78.8,73.5,69.0,64.4,59.3,56.4,54.7,53.6,52.7,52.8,52.2,51.3,50.2,49.1,48.3,46.8,44.7,42.8,41.2
MDA,Republic of Moldova,,Malnutrition,Numbers Affected ('000s),Point Estimate,29.7,27.7,25.6,23.5,21.7,20.3,19.4,18.7,18.1,17.6,17.1,16.5,15.9,15.2,14.5,13.7,12.9,12.1,11.3,10.5,9.8
ROU,Romania,,Malnutrition,Numbers Affected ('000s),Point Estimate,150.7,156.2,153.7,146.2,137.1,132.3,127.9,126.2,127.0,126.3,122.9,122.0,116.8,109.4,104.2,100.2,94.9,93.2,93.1,92.8,91.3
RUS,Russian Federation,,Malnutrition,Numbers Affected ('000s),Point Estimate,-,-,-,-,-,-,-,-,-,-,-,-,-,-,-,-,-,-,-,-,-
RWA,Rwanda,,Malnutrition,Numbers Affected ('000s),Point Estimate,633.6,671.2,693.3,700.3,700.2,704.5,712.0,716.0,715.7,710.0,696.3,681.1,661.9,643.1,628.3,620.6,614.2,614.2,617.5,617.9,613.9
KNA,Saint Kitts and Nevis,,Malnutrition,Numbers Affected ('000s),Point Estimate,-,-,-,-,-,-,-,-,-,-,-,-,-,-,-,-,-,-,-,-,-
LCA,Saint Lucia,,Malnutrition,Numbers Affected ('000s),Point Estimate,0.6,0.6,0.5,0.5,0.4,0.4,0.4,0.3,0.3,0.3,0.3,0.3,0.3,0.3,0.3,0.3,0.3,0.3,0.3,0.3,0.3
VCT,Saint Vincent and the Grenadines,,Malnutrition,Numbers Affected ('000s),Point Estimate,-,-,-,-,-,-,-,-,-,-,-,-,-,-,-,-,-,-,-,-,-
WSM,Samoa,,Malnutrition,Numbers Affected ('000s),Point Estimate,1.6,1.5,1.4,1.4,1.4,1.4,1.4,1.4,1.4,1.4,1.5,1.5,1.5,1.6,1.6,1.7,1.7,1.7,1.8,1.8,1.8
SMR,San Marino,,Malnutrition,Numbers Affected ('000s),Point Estimate,-,-,-,-,-,-,-,-,-,-,-,-,-,-,-,-,-,-,-,-,-
STP,Sao Tome and Principe,,Malnutrition,Numbers Affected ('000s),Point Estimate,7.2,7.1,7.0,6.9,6.8,6.7,6.6,6.5,6.3,6.2,6.0,5.8,5.5,5.3,5.1,4.8,4.6,4.3,4.1,3.9,3.7
SAU,Saudi Arabia,,Malnutrition,Numbers Affected ('000s),Point Estimate,359.8,326.8,301.0,279.7,260.7,243.2,228.4,214.7,201.5,190.7,181.1,171.3,162.6,154.9,147.7,141.2,136.5,131.6,126.8,122.1,117.6
SEN,Senegal,,Malnutrition,Numbers Affected ('000s),Point Estimate,420.7,416.9,411.8,406.7,404.4,403.3,405.0,407.6,412.8,418.4,427.4,440.7,453.5,463.8,472.0,477.1,477.8,473.2,468.4,459.1,450.4
SRB,Serbia,,Malnutrition,Numbers Affected ('000s),Point Estimate,57.9,55.3,52.7,50.1,46.7,43.5,41.4,38.9,36.2,33.6,31.9,30.0,28.7,27.6,26.7,26.2,25.3,24.6,23.9,23.2,22.1
SYC,Seychelles,,Malnutrition,Numbers Affected ('000s),Point Estimate,0.8,0.7,0.7,0.7,0.7,0.7,0.7,0.7,0.6,0.6,0.6,0.6,0.6,0.6,0.6,0.6,0.6,0.6,0.6,0.6,0.6
SLE,Sierra Leone,,Malnutrition,Numbers Affected ('000s),Point Estimate,305.6,318.8,332.9,348.2,363.0,375.0,387.6,396.4,400.0,398.8,394.7,390.5,382.6,373.1,365.4,359.4,351.7,343.2,327.1,318.2,310.5
SGP,Singapore,,Malnutrition,Numbers Affected ('000s),Point Estimate,10.5,9.6,9.0,8.7,8.4,8.2,7.8,7.5,7.3,7.2,7.1,6.8,6.7,6.6,6.5,6.6,6.4,6.5,6.9,7.2,7.4
SVK,Slovakia,,Malnutrition,Numbers Affected ('000s),Point Estimate,-,-,-,-,-,-,-,-,-,-,-,-,-,-,-,-,-,-,-,-,-
SVN,Slovenia,,Malnutrition,Numbers Affected ('000s),Point Estimate,-,-,-,-,-,-,-,-,-,-,-,-,-,-,-,-,-,-,-,-,-
SLB,Solomon Islands,,Malnutrition,Numbers Affected ('000s),Point Estimate,22.0,22.5,23.0,23.7,24.3,24.7,25.3,25.6,25.7,25.9,26.2,26.5,26.9,27.5,28.1,28.6,29.3,29.7,29.9,30.0,30.3
SOM,Somalia,,Malnutrition,Numbers Affected ('000s),Point Estimate,566.4,592.9,613.1,628.4,642.0,656.6,671.0,685.8,700.4,712.7,722.0,732.8,737.1,737.3,737.3,740.0,743.0,748.8,756.8,765.7,774.8
ZAF,South Africa,,Malnutrition,Numbers Affected ('000s),Point Estimate,1363.7,1360.3,1360.2,1359.5,1360.5,1360.4,1356.5,1347.9,1339.7,1332.4,1330.0,1346.9,1358.2,1358.3,1353.0,1349.0,1338.1,1329.8,1331.1,1334.7,1336.5
SSD,South Sudan,,Malnutrition,Numbers Affected ('000s),Point Estimate,429.7,438.0,441.6,443.1,446.6,455.8,467.0,481.7,498.0,512.0,519.7,530.4,539.0,542.9,542.7,539.8,538.5,534.0,527.9,522.9,521.7
ESP,Spain,,Malnutrition,Numbers Affected ('000s),Point Estimate,-,-,-,-,-,-,-,-,-,-,-,-,-,-,-,-,-,-,-,-,-
LKA,Sri Lanka,,Malnutrition,Numbers Affected ('000s),Point Estimate,337.9,330.3,325.9,323.4,321.6,318.8,319.1,316.9,313.7,310.4,307.2,301.5,296.3,291.3,286.5,282.4,279.1,276.3,273.7,270.2,265.5
PSE,State of Palestine,,Malnutrition,Numbers Affected ('000s),Point Estimate,57.8,58.9,60.2,61.3,62.5,63.5,64.6,65.9,67.7,69.2,69.4,68.9,67.5,65.0,62.3,61.1,59.4,57.6,55.9,54.6,53.7
SDN,Sudan,,Malnutrition,Numbers Affected ('000s),Point Estimate,1906.1,1919.0,1936.3,1956.2,1976.2,1991.6,2011.5,2023.5,2030.1,2035.2,2042.2,2043.3,2049.7,2061.7,2071.8,2085.0,2098.3,2108.8,2119.7,2127.7,2136.5
SUR,Suriname,,Malnutrition,Numbers Affected ('000s),Point Estimate,7.5,7.1,6.8,6.4,6.1,5.8,5.6,5.4,5.1,4.9,4.8,4.6,4.6,4.5,4.5,4.5,4.5,4.5,4.4,4.3,4.2
SWE,Sweden,,Malnutrition,Numbers Affected ('000s),Point Estimate,-,-,-,-,-,-,-,-,-,-,-,-,-,-,-,-,-,-,-,-,-
CHE,Switzerland,,Malnutrition,Numbers Affected ('000s),Point Estimate,-,-,-,-,-,-,-,-,-,-,-,-,-,-,-,-,-,-,-,-,-
SYR,Syrian Arab Republic,,Malnutrition,Numbers Affected ('000s),Point Estimate,684.0,711.1,724.4,728.9,733.4,744.5,750.5,773.6,802.9,815.5,790.4,772.3,748.4,703.6,659.0,631.1,597.3,567.9,554.5,553.2,567.4
TJK,Tajikistan,,Malnutrition,Numbers Affected ('000s),Point Estimate,371.1,365.1,355.2,341.0,327.1,316.2,307.1,300.8,296.4,293.6,291.4,294.2,291.5,283.8,272.6,260.6,249.2,236.8,225.5,215.7,207.3
THA,Thailand,,Malnutrition,Numbers Affected ('000s),Point Estimate,792.3,766.1,744.5,725.9,709.6,694.0,678.5,660.6,642.4,623.2,599.4,579.8,555.6,532.0,512.2,497.4,485.0,474.3,464.5,453.1,441.2
TLS,Timor-Leste,,Malnutrition,Numbers Affected ('000s),Point Estimate,83.4,84.4,87.1,90.8,93.7,95.0,96.1,95.0,92.5,89.7,87.5,84.4,82.0,80.7,80.2,80.0,80.4,81.8,83.7,85.4,86.9
TGO,Togo,,Malnutrition,Numbers Affected ('000s),Point Estimate,288.0,294.3,298.0,299.7,300.8,302.6,304.3,305.2,305.7,305.9,305.0,303.2,302.4,301.2,300.0,298.6,297.3,296.3,295.0,293.1,290.5
TKL,Tokelau,,Malnutrition,Numbers Affected ('000s),Point Estimate,-,-,-,-,-,-,-,-,-,-,-,-,-,-,-,-,-,-,-,-,-
TON,Tonga,,Malnutrition,Numbers Affected ('000s),Point Estimate,1.7,1.6,1.6,1.5,1.5,1.4,1.3,1.3,1.2,1.2,1.1,1.0,0.9,0.8,0.7,0.6,0.5,0.5,0.4,0.4,0.3
TTO,Trinidad and Tobago,,Malnutrition,Numbers Affected ('000s),Point Estimate,5.2,5.4,5.6,5.8,6.1,6.4,6.8,7.1,7.4,7.7,7.9,8.2,8.3,8.4,8.4,8.3,8.2,8.1,8.0,7.8,7.7
TUN,Tunisia,,Malnutrition,Numbers Affected ('000s),Point Estimate,108.4,103.4,98.9,94.7,91.2,88.2,86.1,84.2,82.7,81.9,81.7,82.6,84.1,86.1,88.0,89.4,91.3,91.2,89.8,87.8,85.9
TUR,Turkey,3,Malnutrition,Numbers Affected ('000s),Point Estimate,-,-,-,-,-,-,-,-,-,-,-,-,-,-,-,-,-,-,-,-,-
TKM,Turkmenistan,,Malnutrition,Numbers Affected ('000s),Point Estimate,134.4,123.5,116.8,112.9,108.3,102.5,99.4,93.9,87.3,81.6,78.6,75.6,74.9,74.9,74.1,70.8,69.1,64.9,59.5,54.3,50.2
TCA,Turks and Caicos Islands,,Malnutrition,Numbers Affected ('000s),Point Estimate,-,-,-,-,-,-,-,-,-,-,-,-,-,-,-,-,-,-,-,-,-
TUV,Tuvalu,,Malnutrition,Numbers Affected ('000s),Point Estimate,0.1,0.1,0.1,0.1,0.1,0.1,0.1,0.1,0.1,0.1,0.1,0.1,0.1,0.1,0.1,0.1,0.1,0.1,0.1,0.1,0.1
UGA,Uganda,,Malnutrition,Numbers Affected ('000s),Point Estimate,2085.0,2113.3,2138.7,2161.9,2183.6,2205.1,2230.8,2246.2,2253.7,2256.9,2257.0,2249.1,2236.8,2206.5,2178.1,2157.7,2150.8,2157.7,2173.6,2180.2,2172.9
UKR,Ukraine,,Malnutrition,Numbers Affected ('000s),Point Estimate,483.3,464.5,446.2,429.6,417.2,412.1,410.4,416.2,428.0,444.6,458.0,488.3,485.5,472.2,459.8,469.2,458.0,437.5,412.9,382.7,336.5
ARE,United Arab Emirates,,Malnutrition,Numbers Affected ('000s),Point Estimate,-,-,-,-,-,-,-,-,-,-,-,-,-,-,-,-,-,-,-,-,-
GBR,United Kingdom,,Malnutrition,Numbers Affected ('000s),Point Estimate,-,-,-,-,-,-,-,-,-,-,-,-,-,-,-,-,-,-,-,-,-
TZA,United Republic of Tanzania,,Malnutrition,Numbers Affected ('000s),Point Estimate,2743.9,2765.0,2801.9,2853.7,2913.5,2973.9,3054.6,3119.4,3164.0,3193.2,3205.7,3194.9,3163.1,3129.6,3103.0,3096.0,3104.0,3119.6,3130.4,3129.9,3115.6
USA,United States,,Malnutrition,Numbers Affected ('000s),Point Estimate,615.8,587.7,571.5,563.2,556.8,555.2,566.3,568.0,564.4,559.2,556.6,561.6,564.3,566.4,570.4,575.5,577.3,586.7,600.7,616.5,633.4
URY,Uruguay,,Malnutrition,Numbers Affected ('000s),Point Estimate,39.5,37.5,35.7,34.1,32.5,30.8,29.2,27.6,25.9,24.5,23.1,21.9,20.9,20.1,19.4,18.6,18.0,17.3,16.6,15.9,15.3
UZB,Uzbekistan,,Malnutrition,Numbers Affected ('000s),Point Estimate,839.8,749.4,677.0,619.7,575.0,538.7,515.1,497.9,486.4,476.9,466.9,461.7,450.4,434.2,416.6,397.8,383.7,372.6,363.1,352.8,340.9
VUT,Vanuatu,,Malnutrition,Numbers Affected ('000s),Point Estimate,7.1,7.2,7.3,7.4,7.6,7.8,8.0,8.2,8.5,8.9,9.2,9.8,10.1,10.4,10.6,10.9,10.9,11.1,11.5,11.8,12.1
VEN,Venezuela (Bolivarian Republic of),,Malnutrition,Numbers Affected ('000s),Point Estimate,496.7,487.6,482.9,483.7,482.4,476.0,462.7,447.0,427.1,410.3,394.4,381.2,367.5,355.8,341.4,321.9,307.6,291.5,272.2,256.5,249.6
VNM,Viet Nam,,Malnutrition,Numbers Affected ('000s),Point Estimate,3005.1,2662.7,2468.7,2359.2,2281.4,2201.8,2184.7,2140.8,2084.3,2032.6,1992.6,1964.9,1921.9,1925.3,1890.9,1865.5,1837.2,1824.1,1804.2,1789.3,1761.0
YEM,Yemen,,Malnutrition,Numbers Affected ('000s),Point Estimate,1706.3,1706.7,1728.2,1763.4,1798.0,1821.0,1848.1,1854.5,1844.7,1828.9,1812.0,1796.9,1780.6,1764.2,1736.7,1706.8,1679.6,1644.1,1606.0,1567.0,1530.0
ZMB,Zambia,,Malnutrition,Numbers Affected ('000s),Point Estimate,1031.0,1059.7,1080.5,1094.7,1104.0,1112.0,1120.9,1120.6,1114.7,1105.3,1094.2,1079.1,1067.9,1060.2,1050.9,1034.9,1015.1,993.5,970.3,954.3,951.0
ZWE,Zimbabwe,,Malnutrition,Numbers Affected ('000s),Point Estimate,547.8,563.4,577.5,589.8,601.2,613.1,623.7,634.1,649.4,663.6,673.7,677.7,669.9,651.8,630.3,605.9,587.4,561.8,532.0,503.0,482.5
,,,,,,,,,,,,,,,,,,,,,,,,,,
,,,,,,,,,,,,,,,,,,,,,,,,,,
1,The estimates for the year 2020 do not account for the full impact of COVID-19.  Household survey data on child height and age were not collected in 2020 due to physical distancing policies. One of the covariates used in the country model takes the impact of COVID-19 partially into account.,,,,,,,,,,,,,,,,,,,,,,,,,
2,"Most recent input data is before 2000, interpret with caution",,,,,,,,,,,,,,,,,,,,,,,,,
3,Pending Review,,,,,,,,,,,,,,,,,,,,,,,,,
